design,split,model,n,goals,logloss,brier,MCB,DSC,UNC,ICI,auc,cal_int,cal_slope,obs_exp
cross,men_club,GLM_LOC,39157,4046,0.2860168690962104,0.08169359785705056,0.0008305021514830868,0.011787935012754186,0.09265103071832166,0.01465327099275091,0.7711582459205397,-0.13321628572100183,0.8797991366930212,0.9041285834849817
cross,men_club,GLM_GEO,39157,4046,0.269715440009793,0.07711067355694998,0.00034759073725097733,0.015887947898622662,0.09265103071832166,0.008043450635292193,0.8026039668305388,0.041957314059484954,0.9095531228724459,1.0309783179847993
cross,men_club,GBM_LOC,39157,4046,0.28343598082998434,0.08118761062801319,0.0005311656338741338,0.011994585724182605,0.09265103071832166,0.01269696128921777,0.7733208950364646,-0.11396535507427624,0.953996541414558,0.9159377553376907
cross,men_club,GBM_GEO,39157,4046,0.2682451745396343,0.07675178022395741,0.00031629913779397667,0.016215549632158224,0.09265103071832166,0.007388263182834897,0.8025291740185949,0.05492759459811948,0.957646441882991,1.0411544017893208
cross,men_club,statsbomb_xg,39157,4046,0.2682340219393127,0.07628175958465035,0.0003933828512674292,0.016762653984938744,0.09265103071832166,0.00969526281369172,0.801491025151179,0.043435566521508436,1.0210914374568856,1.0330064792138147
cross,men_intl,GLM_LOC,70586,7143,0.2795682672948873,0.07937421867331364,0.0003488652162699363,0.011929780458146466,0.09095513391519017,0.009785116488627862,0.7769099832920668,0.10943985496050199,0.9724077357188471,1.089933668378748
cross,men_intl,GLM_GEO,70586,7143,0.2653313847883609,0.07547452879335535,0.00026949554407806886,0.015750100665912883,0.09095513391519017,0.007621809836907314,0.8053002737369712,0.08463932518364115,0.9301293016179834,1.0643461139306438
cross,men_intl,GBM_LOC,70586,7143,0.2812686412127995,0.08044571996582428,0.001124482269139318,0.011633896218505205,0.09095513391519017,0.019381635640076007,0.7764540098760309,0.08777909174616486,1.2892154331717374,1.0761398146981025
cross,men_intl,GBM_GEO,70586,7143,0.2650079142313059,0.07582621827216252,0.0006845423291122477,0.0158134579721399,0.09095513391519017,0.012368091441411804,0.806814708558689,0.08286777980244119,1.1379855441318991,1.067056016289236
cross,men_intl,statsbomb_xg,70586,7143,0.26031178732846966,0.07412276245927887,0.0003100306752638893,0.017142402131175183,0.09095513391519017,0.00961295452693561,0.8116449451664467,0.05182902534340823,1.0344791611943063,1.0392212270336925
cross,women_club,GLM_LOC,50318,4833,0.267544197621547,0.07571775345957456,0.00031447921623493913,0.011420418402566385,0.086823692645906,0.008173444555714981,0.7828873355451889,0.03349412842737139,1.025127213683167,1.0260791244787542
cross,women_club,GLM_GEO,50318,4833,0.25285843044405587,0.07150581572773258,0.000279900574171113,0.015597777492344533,0.086823692645906,0.008180509068399037,0.8130288766944107,-0.08758172561307082,1.0102521738699075,0.9368258564470759
cross,women_club,GBM_LOC,50318,4833,0.2659955696043147,0.07556150161023034,0.0004286329356457397,0.011690823971321401,0.086823692645906,0.008821869334013474,0.7842502403174685,0.027670793881769795,1.0668917151836674,1.02238010793456
cross,women_club,GBM_GEO,50318,4833,0.2506998113598938,0.07118534195036165,0.00035087771181568916,0.015989228407360043,0.086823692645906,0.00786177927533744,0.8144528243668301,-0.07917061101899339,1.012158406847342,0.943147797961793
cross,women_club,statsbomb_xg,50318,4833,0.24910137465101076,0.07054812377744481,0.0003401123638811926,0.01661568123234239,0.086823692645906,0.00898207994972025,0.8169141419713928,0.028368324952273143,1.0479498282852255,1.0213574367592995
cross,women_intl,GLM_LOC,73249,7369,0.2795399420858185,0.0791716383095646,0.0004802160862164284,0.011789860105835367,0.09048128232918354,0.013683917588867292,0.773999988094005,0.17314481360480613,0.9112432861568202,1.1443474263725113
cross,women_intl,GLM_GEO,73249,7369,0.267540462511193,0.0760761606709234,0.0006106726457068001,0.015015794303966934,0.09048128232918354,0.011832102441851218,0.8006894044802629,-0.031762546442947584,0.8229129869068667,0.9779123004706215
cross,women_intl,GBM_LOC,73249,7369,0.28164092969996857,0.08017307278495585,0.00038806030921756385,0.010696269853445253,0.09048128232918354,0.012659397919173598,0.7669580597117365,0.16156592708909914,0.9288253237165888,1.1364935026412093
cross,women_intl,GBM_GEO,73249,7369,0.2690326813212671,0.07661539507163594,0.0006843408139393103,0.014550228071486912,0.09048128232918354,0.015025240765411112,0.7959762269004131,0.010108964500801338,0.8227248290407769,1.0071209312368932
cross,women_intl,statsbomb_xg,73249,7369,0.2597740235043956,0.07387765084250207,0.00028762375419306985,0.016891255240874536,0.09048128232918354,0.009161388452025397,0.8103942322087565,0.046116535125822894,1.028578394879789,1.0348424851527467
loco,African Cup of Nations 2023,GLM_LOC,1087,94,0.25442723656182603,0.07168739122737727,0.003133048603550681,0.010444006181871607,0.0789983488056982,0.019092653237709114,0.7713355188446788,-0.13986605666068178,0.9450145860856503,0.894527800496522
loco,African Cup of Nations 2023,GLM_GEO,1087,94,0.23951666241806072,0.06770719325362744,0.0034410567455002844,0.014732212297571046,0.0789983488056982,0.01985788911406699,0.809667673716012,-0.16350419175174488,0.9567938738926928,0.8839665936880704
loco,African Cup of Nations 2023,GBM_LOC,1087,94,0.2550732969021288,0.07198876784238888,0.0034228855864223834,0.010432466549731706,0.0789983488056982,0.022401752318886938,0.7739388485354932,-0.1373353911857625,0.9262955036327656,0.8962817017056951
loco,African Cup of Nations 2023,GBM_GEO,1087,94,0.23878993679313135,0.06777426061071777,0.002796054953939267,0.014020143148919695,0.0789983488056982,0.024490078818514893,0.8147136337340103,-0.15550307795415416,0.9434122516487661,0.8905012966301988
loco,African Cup of Nations 2023,statsbomb_xg,1087,94,0.2415078692831027,0.0678946468081455,0.0026872621243571038,0.013790964121909804,0.0789983488056982,0.021580999058660608,0.8041931820616657,-0.0680719950951533,0.9751347279487862,0.9492420044947613
loco,Copa America 2024,GLM_LOC,709,62,0.2694836130837396,0.07501289314122196,0.002850629975691868,0.007637848634995489,0.07980011180052558,0.02168350401067286,0.7380964251882136,-0.04606024277045805,0.8503303365170499,0.9627438515685663
loco,Copa America 2024,GLM_GEO,709,62,0.24678246077109847,0.07018990036234567,0.0024830169408206204,0.012093228379000537,0.07980011180052558,0.013118149434456237,0.7990726429675425,-0.08507748057363439,0.9816869941018469,0.935431566427921
loco,Copa America 2024,GBM_LOC,709,62,0.26426504000380235,0.074351841763225,0.0029862913028303045,0.008434561340130889,0.07980011180052558,0.020352173248177053,0.7563194894550531,-0.09997182015694167,0.9098384968438293,0.921519091044636
loco,Copa America 2024,GBM_GEO,709,62,0.24190142493508218,0.06851910682392244,0.003118564692443593,0.014399569669046736,0.07980011180052558,0.019009335525884415,0.8083462132921175,-0.12358214145075316,1.0202772143255412,0.9087093762416646
loco,Copa America 2024,statsbomb_xg,709,62,0.24509086575074857,0.06870154982738326,0.0038265707719546405,0.014925132745096964,0.07980011180052558,0.021340716441521624,0.791319738744578,-0.05593495142310627,0.9913607863682722,0.957464865088184
loco,FA Women's Super League 2018/2019,GLM_LOC,2696,285,0.30608163137768524,0.08724818515579519,0.0035258311171776496,0.010814750056690164,0.0945371040953077,0.026172404801028344,0.7545256754495114,-0.1775206438957991,0.7037136132162082,0.8782549529060925
loco,FA Women's Super League 2018/2019,GLM_GEO,2696,285,0.3049496307599099,0.08633883444091038,0.004197588788982423,0.012395858443379745,0.0945371040953077,0.027574164918676147,0.7644276597757355,-0.18173212316784626,0.6548891526694152,0.8810330860933213
loco,FA Women's Super League 2018/2019,GBM_LOC,2696,285,0.2957114142194079,0.08581466138812188,0.002689479990498206,0.011411922697684027,0.0945371040953077,0.019895429871366662,0.7659746629119459,-0.13680252170234236,0.8011198432584025,0.9032217477961396
loco,FA Women's Super League 2018/2019,GBM_GEO,2696,285,0.2963488521425685,0.0859453311443491,0.003180646658310665,0.011772419609269266,0.0945371040953077,0.023393063020066635,0.7690264649595786,-0.1365871860516179,0.7264337052338826,0.9080848502055119
loco,FA Women's Super League 2018/2019,statsbomb_xg,2696,285,0.2921544652227948,0.08358746292281491,0.0018982440392358163,0.01284788521172861,0.0945371040953077,0.016979596979096383,0.7655147823935616,0.034978991057863215,0.8466802698302253,1.0268322469690694
loco,FA Women's Super League 2019/2020,GLM_LOC,2129,228,0.29088644302012706,0.08473319780569391,0.00192289879430306,0.012813422346643025,0.09562372135803388,0.013213621810950423,0.7762696457081684,-0.03265367500889987,0.8746444334300485,0.9758388375796746
loco,FA Women's Super League 2019/2020,GLM_GEO,2129,228,0.28048350364456676,0.08141772778885277,0.0018411953885287408,0.016047188957709846,0.09562372135803388,0.013663083338861293,0.8006543185950147,0.08571160054550436,0.8602741700907983,1.0636228565049168
loco,FA Women's Super League 2019/2020,GBM_LOC,2129,228,0.28763585806567843,0.08389992142565077,0.002144744800388787,0.013868544732771895,0.09562372135803388,0.013712929781236618,0.7849389056544569,-0.0380052490390856,0.8945770847029294,0.9719241795464166
loco,FA Women's Super League 2019/2020,GBM_GEO,2129,228,0.2791432033366268,0.0812008462764991,0.0019883930189170673,0.016411268100451848,0.09562372135803388,0.016395595841769087,0.8043089048238692,0.07189393167973329,0.8585732553858374,1.0524070556724137
loco,FA Women's Super League 2019/2020,statsbomb_xg,2129,228,0.2828579645068066,0.08130038705913249,0.0018919348781154671,0.01621526917701685,0.09562372135803388,0.014110332035351112,0.7914209511152948,0.059767293662699575,0.8878353162514927,1.0444913191469687
loco,FA Women's Super League 2020/2021,GLM_LOC,3117,356,0.3042253597973922,0.08768580441168912,0.0015961688035327493,0.015078279503165135,0.1011679151113215,0.01672850740154874,0.763291064546716,-0.057820661567059964,0.9232602137121958,0.9573641822435165
loco,FA Women's Super League 2020/2021,GLM_GEO,3117,356,0.2859818239178868,0.08244278684081972,0.001763539759985791,0.020488668030487572,0.1011679151113215,0.01594488554165151,0.7979684937471767,0.03511712062372765,0.9662583372832746,1.0257488334520732
loco,FA Women's Super League 2020/2021,GBM_LOC,3117,356,0.2991349692692331,0.08663348448387148,0.0016769198524095447,0.016211350479859568,0.1011679151113215,0.015255651900250623,0.7779708540709481,-0.057184555821597226,0.9642756174601381,0.957876735273198
loco,FA Women's Super League 2020/2021,GBM_GEO,3117,356,0.28548301130219556,0.08202534164630781,0.0016160990784715445,0.020758672543485235,0.1011679151113215,0.012908655511062997,0.7983846025499636,0.027257137737080557,0.9626493699414423,1.019820824341765
loco,FA Women's Super League 2020/2021,statsbomb_xg,3117,356,0.2839175778182423,0.08084740577680861,0.0016763833717379911,0.02199689270625088,0.1011679151113215,0.014844532979212243,0.7997662058609282,0.02929754076713098,1.0371783844897589,1.0216199508935677
loco,FA Women's Super League 2023/2024,GLM_LOC,3441,399,0.3201701084563056,0.09237364497429301,0.001884951773290372,0.01202048695814796,0.1025091801591506,0.018674176934358983,0.7303375137383233,-0.050656399944564716,0.8793805777678421,0.9614576740491688
loco,FA Women's Super League 2023/2024,GLM_GEO,3441,399,0.2999437113952981,0.08711413625359295,0.0014498761933809806,0.016844920098938634,0.1025091801591506,0.016269681908984,0.7781485271363813,0.09911363290439809,0.9489524447828666,1.076728427533404
loco,FA Women's Super League 2023/2024,GBM_LOC,3441,399,0.3175615865228641,0.09202331668595158,0.0018082222846520363,0.012294085757851056,0.1025091801591506,0.017281322079122856,0.737883910960834,-0.05964030110733739,0.8851716109419446,0.9550791361909357
loco,FA Women's Super League 2023/2024,GBM_GEO,3441,399,0.2966734294098104,0.0863098359241495,0.0017513820985948086,0.017950726333595915,0.1025091801591506,0.01836497612103012,0.7854868927743421,0.09333961954083665,0.9676286749983848,1.0715635197652322
loco,FA Women's Super League 2023/2024,statsbomb_xg,3441,399,0.30059724395291154,0.08666002395480783,0.0016103361184403031,0.01745949232278307,0.1025091801591506,0.013984686767749053,0.7750292891993298,0.09394439855292917,0.9932724567597876,1.0731555537943072
loco,FIFA World Cup 2018,GLM_LOC,1556,129,0.2489473711391648,0.06851987068014735,0.003573276896541508,0.011085070691252225,0.07603166447485807,0.02631977254700813,0.7697152914717817,-0.27383209109764906,0.8453694889114401,0.8113401589896404
loco,FIFA World Cup 2018,GLM_GEO,1556,129,0.23997510788744186,0.065239582681607,0.003100614462704411,0.013892696255955482,0.07603166447485807,0.024593083797899564,0.7831847590489073,-0.2603177091240538,0.8302844431054485,0.8271928688639835
loco,FIFA World Cup 2018,GBM_LOC,1556,129,0.24233138373806246,0.06685995673203973,0.0028528271418823,0.012024534884700636,0.07603166447485807,0.024699374487742915,0.7841598626706431,-0.24474644252380057,0.9187179249467514,0.8278266969733559
loco,FIFA World Cup 2018,GBM_GEO,1556,129,0.235242742588442,0.06432711069048805,0.002234419050863669,0.013938972835233689,0.07603166447485807,0.018211367260837538,0.79018703519608,-0.19371712908453337,0.8971658824032915,0.8662213946793781
loco,FIFA World Cup 2018,statsbomb_xg,1556,129,0.23566720339023206,0.06381885264565011,0.0020363376713119358,0.014249149500519892,0.07603166447485807,0.02248580565267081,0.789241809401194,-0.16652701545057585,0.965989315361516,0.8804901298874088
loco,FIFA World Cup 2022,GLM_LOC,1382,150,0.2796450070731159,0.08145201498792691,0.0024012782440561847,0.017707040005361177,0.0967577767492319,0.01909383768751398,0.8048863636363637,0.0576133087317284,1.140116553078052,1.0457874333526511
loco,FIFA World Cup 2022,GLM_GEO,1382,150,0.2646988865371274,0.07715194748141714,0.0035299912208490575,0.02313582048866382,0.0967577767492319,0.023884907274271623,0.8302435064935064,0.11656215461176966,1.1010523640163905,1.0903121962187508
loco,FIFA World Cup 2022,GBM_LOC,1382,150,0.28177062021723637,0.08222666698237448,0.002795136921969296,0.01732624668882672,0.0967577767492319,0.019475459581826803,0.7989880952380952,0.06257252296801459,1.0541055315777983,1.0492448329539596
loco,FIFA World Cup 2022,GBM_GEO,1382,150,0.26240457775868753,0.07651309798045602,0.00339176440139366,0.023636443170169538,0.0967577767492319,0.025379958970301663,0.8337554112554112,0.10335016744689761,1.0847631518530403,1.0783367338159575
loco,FIFA World Cup 2022,statsbomb_xg,1382,150,0.2695830104316363,0.07742587945592373,0.0030359939249776924,0.022367891218285862,0.0967577767492319,0.019375075312970832,0.8170616883116883,0.1341966637525814,1.068259018697278,1.1038796305340786
loco,Frauen Bundesliga 2023/2024,GLM_LOC,3152,367,0.29832746931189985,0.08704604945415778,0.0017162403328614267,0.017547322310845687,0.10287713143214204,0.015019662181212005,0.7911940670876972,0.0694769986247009,1.050349783350586,1.0545569692689436
loco,Frauen Bundesliga 2023/2024,GLM_GEO,3152,367,0.2832493762386614,0.08166711722448176,0.001565201157622667,0.022775215365282944,0.10287713143214204,0.0135445236584572,0.8090187311355598,0.10112881451857383,0.9783826902461006,1.0745913205088606
loco,Frauen Bundesliga 2023/2024,GBM_LOC,3152,367,0.2960660066827183,0.0865845617200486,0.0017323714733158552,0.0180249411854093,0.10287713143214204,0.014150810554645194,0.7931028916098797,0.06820156852166838,1.0491912045716862,1.053241477554726
loco,Frauen Bundesliga 2023/2024,GBM_GEO,3152,367,0.2790366820697601,0.0801378860978272,0.001886028572705048,0.024625273907019893,0.10287713143214204,0.018838067260170937,0.8143910301879962,0.11235025752020929,1.0126827410882553,1.0829255855052344
loco,Frauen Bundesliga 2023/2024,statsbomb_xg,3152,367,0.28617489156318104,0.08194135973255891,0.0021365816754596034,0.023072353375042737,0.10287713143214204,0.01763122156232355,0.8049799676155347,0.10440951623381146,1.0038433501377713,1.077847907388017
loco,Indian Super league 2021/2022,GLM_LOC,2881,298,0.29102518431769253,0.08166804157293361,0.0017076420082311056,0.012776837700936072,0.09273723726563858,0.019249414540626814,0.7460947548114023,0.131869515074155,0.8519619189888775,1.1073255595892224
loco,Indian Super league 2021/2022,GLM_GEO,2881,298,0.27851448988893635,0.07877078051573126,0.0018511774309871998,0.01581763418089452,0.09273723726563858,0.01930250543120101,0.781786954974056,0.14807959241801655,0.8423568189047788,1.1141643678181652
loco,Indian Super league 2021/2022,GBM_LOC,2881,298,0.2908898181018188,0.0812519213010836,0.001772722708408364,0.013258038672963351,0.09273723726563858,0.022422766731571626,0.7453854188589825,0.1371383750262555,0.8331376054727678,1.1108601713185562
loco,Indian Super league 2021/2022,GBM_GEO,2881,298,0.2782130713031293,0.07881592693095961,0.0020845565842736308,0.016005866918952602,0.09273723726563858,0.021705373307911408,0.7841890835015733,0.16210287993185984,0.8287471917348582,1.1235477352312535
loco,Indian Super league 2021/2022,statsbomb_xg,2881,298,0.2800079696169221,0.07895013668562821,0.0013258345267801175,0.015112935106790487,0.09273723726563858,0.01692806394196531,0.7749339382176179,0.149987919308919,0.8586186140542569,1.1160957343499618
loco,La Liga 2015/2016,GLM_LOC,8661,916,0.2755953892126851,0.08010508450263643,0.001070204059172561,0.01554109267455403,0.0945759731180179,0.016406512577438578,0.8039111724425674,0.09503605749300349,1.1216979901078765,1.0769314868904893
loco,La Liga 2015/2016,GLM_GEO,8661,916,0.2570536095296001,0.07452660943736954,0.0007992997859549711,0.02084866346660333,0.0945759731180179,0.010269419007830781,0.833468697934433,0.002486330035197414,1.0757437071071883,1.001799038738807
loco,La Liga 2015/2016,GBM_LOC,8661,916,0.27309084707759634,0.07959755312840501,0.0010366192829653759,0.01601503927257826,0.0945759731180179,0.016264907798848743,0.8100313344854125,0.10139316264979287,1.1293834247959318,1.0821222367836658
loco,La Liga 2015/2016,GBM_GEO,8661,916,0.25508387877751587,0.07380136929049161,0.0008216899585003767,0.021596293786026663,0.0945759731180179,0.009873496518249683,0.8364475179084407,-0.008763322495737655,1.0732161640774667,0.9937440673044166
loco,La Liga 2015/2016,statsbomb_xg,8661,916,0.25557615598011846,0.07405770149198457,0.0010641742546582261,0.021582445880691553,0.0945759731180179,0.015057419666887237,0.8380136783556654,0.04419868475650379,1.1038146702038913,1.0324162972431281
loco,Liga F 2023/2024,GLM_LOC,5938,686,0.2993027860020343,0.08687093024627916,0.0012844896729465732,0.01659415897781688,0.10218059955114947,0.014818785020853058,0.7886592973605502,0.15190076541358885,0.9952418954773791,1.1230394309988352
loco,Liga F 2023/2024,GLM_GEO,5938,686,0.2798672002797747,0.08214156049360352,0.0014859181193171561,0.021524957176863105,0.10218059955114947,0.016914776775303064,0.8270493650620949,0.18601294536148724,1.0183870332140497,1.1439162712711373
loco,Liga F 2023/2024,GBM_LOC,5938,686,0.2923891319755116,0.08588931482149759,0.001193803582646008,0.01748508831229789,0.10218059955114947,0.015295285178213934,0.8007665828816566,0.1386713780368215,1.0614324549287915,1.1115904128550795
loco,Liga F 2023/2024,GBM_GEO,5938,686,0.2745209205575438,0.08092943685097705,0.0014016005797896913,0.022652763279962115,0.10218059955114947,0.018424512016823144,0.8336399405807366,0.1705239177269183,1.0583725082038387,1.1299937959006279
loco,Liga F 2023/2024,statsbomb_xg,5938,686,0.2813817722274768,0.08206326782581523,0.0014720180611418332,0.021589349786476073,0.10218059955114947,0.01797861105584369,0.8197760009237075,0.17182812767809477,1.032087737809196,1.1321801444050748
loco,Ligue 1 2015/2016,GLM_LOC,8260,825,0.272614088126481,0.07764899854397841,0.0009579030214833251,0.013212037520437689,0.08990313304293278,0.01266288487340127,0.782419840639074,0.13692741215042226,1.0485344749850722,1.1151014132154564
loco,Ligue 1 2015/2016,GLM_GEO,8260,825,0.255286014469187,0.07236417697469139,0.0009754039612944049,0.018514360029535798,0.08990313304293278,0.01247460147908402,0.8146553361455848,-0.035438775248716886,1.0593834483252813,0.9738604569337014
loco,Ligue 1 2015/2016,GBM_LOC,8260,825,0.27236095645535097,0.07745006306881458,0.001023083881053613,0.013476153855171813,0.08990313304293278,0.01392187098326275,0.7812452976299648,0.1266688153652848,1.016726567807059,1.1051800624966304
loco,Ligue 1 2015/2016,GBM_GEO,8260,825,0.253463504668072,0.07185395472235134,0.0008168595903714493,0.018866037910952885,0.08990313304293278,0.011084798325528618,0.8168278616698254,-0.024607587645596465,1.0367983899070459,0.9820477612344
loco,Ligue 1 2015/2016,statsbomb_xg,8260,825,0.25669231709676416,0.072833084598796,0.0007084553815669831,0.017778503825703756,0.08990313304293278,0.00970510811158366,0.8126530129811904,0.0641946526906477,1.0263792683627886,1.0485932184677766
loco,NWSL 2023,GLM_LOC,3419,294,0.2565942920731051,0.07123055543599009,0.0019144902553793336,0.009279700733951832,0.07859576591456259,0.021352707966708184,0.7643303401360546,-0.25042929273139536,0.9607670919250292,0.8188382322824843
loco,NWSL 2023,GLM_GEO,3419,294,0.24209458406192985,0.06737652724053886,0.0013052970735687314,0.012524535747592463,0.07859576591456259,0.014558750987174211,0.7949104761904762,-0.16241066585680944,0.9839548155984373,0.8824289054514048
loco,NWSL 2023,GBM_LOC,3419,294,0.25697057976408866,0.07177707247119283,0.0019724293539377935,0.008791122797307552,0.07859576591456259,0.021145101436010477,0.7659080272108844,-0.26401229655967673,0.945133526188535,0.8105732091819631
loco,NWSL 2023,GBM_GEO,3419,294,0.24155694255164556,0.06751448904694309,0.0014732112597977687,0.012554488127417274,0.07859576591456259,0.013954718940770683,0.7987526530612246,-0.1550337030732473,0.9655651452328884,0.8885172071481792
loco,NWSL 2023,statsbomb_xg,3419,294,0.2402014970551386,0.06606174707966135,0.0016243570495732829,0.014158375884474522,0.07859576591456259,0.018216837540165978,0.794640544217687,-0.1269270171062303,1.0496720177753283,0.9060357972703904
loco,Premier League 2015/2016,GLM_LOC,9415,888,0.26632685184584165,0.07539960357124986,0.0007691223806469,0.01079129155934773,0.08542177274995069,0.0088587730643913,0.7749761753074758,-0.027156516435711764,0.9887787595722369,0.9787471632878499
loco,Premier League 2015/2016,GLM_GEO,9415,888,0.2555387210670907,0.07231396581236224,0.0008184848799552141,0.013926291817543665,0.08542177274995069,0.009718712943795317,0.7989121994047524,-0.08118541645904445,0.9431053551279022,0.9412834024752973
loco,Premier League 2015/2016,GBM_LOC,9415,888,0.26527646246173403,0.07521402438498476,0.0006933911550312533,0.010901139519997188,0.08542177274995069,0.008883685840401995,0.7782296853555795,-0.011207058461431626,0.9833423490698022,0.9911849483550226
loco,Premier League 2015/2016,GBM_GEO,9415,888,0.25350849657726565,0.07177710022313882,0.0008054475611552758,0.014450120087967144,0.08542177274995069,0.010148463020250187,0.80280035224623,-0.07408039444219881,0.9393168128799728,0.9469566801633907
loco,Premier League 2015/2016,statsbomb_xg,9415,888,0.2515270134050655,0.07084981895555395,0.0006888663981774179,0.01526082019257416,0.08542177274995069,0.010560500685448096,0.8046192301718864,0.0065443114200385705,1.0180110134112392,1.0049312751254733
loco,Serie A 2015/2016,GLM_LOC,9396,824,0.24098381478769035,0.06775688517730882,0.0008309107193348597,0.013080172918489952,0.08000614737646392,0.012499167361643778,0.8080812614110516,0.053963320874471955,1.151763977049813,1.0442801314716978
loco,Serie A 2015/2016,GLM_GEO,9396,824,0.22615157881902692,0.06404742349277666,0.0008229588060254672,0.016781682689712724,0.08000614737646392,0.01384775482627765,0.8400307900185295,-0.04304478251969926,1.1140644835389515,0.968088758377945
loco,Serie A 2015/2016,GBM_LOC,9396,824,0.2392746913619544,0.06737627804972292,0.0007899770826249874,0.013419846409365985,0.08000614737646392,0.011599233276129946,0.8123054741334397,0.048547910367109405,1.150342321919867,1.039599366794979
loco,Serie A 2015/2016,GBM_GEO,9396,824,0.22533636968846407,0.06383758161264562,0.0009558762214870592,0.017124441985305355,0.08000614737646392,0.011192296667992825,0.8411823718224611,-0.02906383508854451,1.0748345425163701,0.9787041863188378
loco,Serie A 2015/2016,statsbomb_xg,9396,824,0.22720302221018482,0.06409961216249273,0.0009648281691281013,0.01687136338309929,0.08000614737646392,0.01535281195135013,0.8378123598394411,0.028987716149637254,1.10159376775592,1.0219762995322716
loco,Serie A Women 2023/2024,GLM_LOC,3560,349,0.26947723274538643,0.07666074157043229,0.0014720891278799525,0.013234447544823003,0.08842309998737534,0.01418382046168696,0.7828421998520487,-0.08123101426459885,1.051613016306607,0.9380786898467901
loco,Serie A Women 2023/2024,GLM_GEO,3560,349,0.25717724572103823,0.07357262687026529,0.001521332344123355,0.016371805461233402,0.08842309998737534,0.01529371683162292,0.8084369721203706,0.09037828870028226,1.029477395965477,1.0710717264461311
loco,Serie A Women 2023/2024,GBM_LOC,3560,349,0.26661130300081975,0.07572241216431877,0.0012031739503568645,0.013903861773413434,0.08842309998737534,0.012578990450552245,0.7882980156856936,-0.08291950912890356,1.0684641984123247,0.9370012547894977
loco,Serie A Women 2023/2024,GBM_GEO,3560,349,0.2555303737099791,0.07294657824871807,0.001411657972889488,0.016888179711546755,0.08842309998737534,0.014235219193584918,0.8110435207055974,0.08472961643509573,1.0300600199404,1.065786726820911
loco,Serie A Women 2023/2024,statsbomb_xg,3560,349,0.2553688906209631,0.07214914341341287,0.0017191763908788044,0.01799313296484127,0.08842309998737534,0.019134459295217957,0.8109748099075617,0.0781108267282157,1.1164519853963133,1.0617073868375344
loco,UEFA Euro 2020,GLM_LOC,1193,121,0.27601980305925844,0.07786906883330964,0.002584917197064329,0.01585380103401829,0.0911379526702636,0.01876193092318177,0.7737294930307144,-0.017996342896596663,1.0204265701905106,0.986089815749009
loco,UEFA Euro 2020,GLM_GEO,1193,121,0.26025103725262383,0.07364030534785702,0.0024603261301078677,0.019957973452514446,0.0911379526702636,0.015460476182976447,0.8051683730109782,0.01703592956691496,1.0036759025714155,1.0125587567080723
loco,UEFA Euro 2020,GBM_LOC,1193,121,0.27450499250134214,0.07793247557652214,0.003172519134681459,0.016377996228422925,0.0911379526702636,0.022695023405749706,0.7779889293203405,0.007158304425700653,1.0472963766176158,1.0056371376873245
loco,UEFA Euro 2020,GBM_GEO,1193,121,0.2607756028903786,0.07412114422435945,0.002622617613219358,0.019639426059123513,0.0911379526702636,0.013975346148238523,0.8085065375601332,0.025366034881527076,0.9816157702311215,1.0186409066531315
loco,UEFA Euro 2020,statsbomb_xg,1193,121,0.2556212492605803,0.07188750125321158,0.002608217841184479,0.0218586692582365,0.0911379526702636,0.017656652778286236,0.8103413716541261,0.03018875873853036,1.098827965337502,1.0225322883855588
loco,UEFA Euro 2024,GLM_LOC,1257,98,0.2459294386461684,0.06682537315683851,0.0025586625300191568,0.007618401796909258,0.07188511242372861,0.019325826634613057,0.7438414537514748,-0.23104745023209483,0.9033495644109308,0.8264565592824471
loco,UEFA Euro 2024,GLM_GEO,1257,98,0.23098031129013913,0.06388429991752333,0.0021429633770614423,0.010143775883266724,0.07188511242372861,0.014852865206795978,0.7882322903276927,-0.1568931135938552,0.9416092336609443,0.8832281666320041
loco,UEFA Euro 2024,GBM_LOC,1257,98,0.24286096105742466,0.06626607490996106,0.0025364141026595483,0.008155451616427098,0.07188511242372861,0.02259521388196896,0.7543492806958849,-0.23426519247010627,0.9468827362761542,0.8244156671899951
loco,UEFA Euro 2024,GBM_GEO,1257,98,0.23225825323636268,0.06441283267725822,0.002434327162154963,0.009906606908625347,0.07188511242372861,0.016062130429730703,0.7870349175045341,-0.1752474865731942,0.9153744425893455,0.8716873696321308
loco,UEFA Euro 2024,statsbomb_xg,1257,98,0.23215455389635498,0.06377053032806525,0.0019824918950430565,0.010097073990706418,0.07188511242372861,0.014870763751043013,0.7820473314433624,-0.14258510716089776,0.9605215031140741,0.8930887917657842
loco,UEFA Women's Euro 2022,GLM_LOC,861,82,0.2712115767728449,0.07806856015275683,0.0036056798536678453,0.011704920154425771,0.08616780045351476,0.02597788608573131,0.7825385891856351,-0.18324170304275708,0.9936219521343507,0.8654829712615689
loco,UEFA Women's Euro 2022,GLM_GEO,861,82,0.2446285502950993,0.07002495012706557,0.0034888341159912545,0.019631684442440442,0.08616780045351476,0.01970369060548551,0.828782992579605,-0.042641502067535704,1.080459283697603,0.9686705884626866
loco,UEFA Women's Euro 2022,GBM_LOC,861,82,0.26740032746910025,0.07739819068878469,0.003886572894674964,0.012656182659405033,0.08616780045351476,0.026892450792660595,0.7947885030840038,-0.17109196492276899,1.00330713839633,0.8747765827451522
loco,UEFA Women's Euro 2022,GBM_GEO,861,82,0.24014724936319515,0.06928516108711012,0.004047696445042298,0.020930335811446932,0.08616780045351476,0.032696179899071996,0.8451109928300823,-0.05735429708353797,1.1308831196684532,0.9582460722943023
loco,UEFA Women's Euro 2022,statsbomb_xg,861,82,0.2442275166232567,0.0700706570685357,0.0035887175827126194,0.019685860967691676,0.08616780045351476,0.028636899296375515,0.8379880397006794,-0.051841057143112795,1.1561842820944106,0.9616387786652024
loco,UEFA Women's Euro 2025,GLM_LOC,851,95,0.3072287430607509,0.08958478332438602,0.003154474705438559,0.01274105402761061,0.09917136264655807,0.01782169491031918,0.7512949039264829,0.005060625697298445,0.9200710059488955,1.0039657050923023
loco,UEFA Women's Euro 2025,GLM_GEO,851,95,0.294245692603084,0.08496365868223629,0.0029053757043012024,0.01711307966862298,0.09917136264655807,0.02399500113285325,0.7780562517404623,0.1423571153860862,0.908973567160912,1.1122140631093178
loco,UEFA Women's Euro 2025,GBM_LOC,851,95,0.3019557856232354,0.08774934503429553,0.0024357925205090725,0.013857810132771611,0.09917136264655807,0.016886471971984975,0.760428849902534,-0.0032801364476072272,1.0049514532790522,0.9974204968465851
loco,UEFA Women's Euro 2025,GBM_GEO,851,95,0.2888743057112686,0.08320048606403381,0.0030500532847590883,0.019020929867283348,0.09917136264655807,0.0206347088557088,0.7861876914508493,0.13438682544635347,0.9617316647981252,1.105339633269373
loco,UEFA Women's Euro 2025,statsbomb_xg,851,95,0.28777913647964903,0.08335028472527883,0.003788519031862947,0.019609596953142183,0.09917136264655807,0.022881897226402517,0.7914508493455862,0.17825590969082888,1.060309670622778,1.1457973509908521
loco,Women's World Cup 2019,GLM_LOC,1243,117,0.24939323465983296,0.07126440947801203,0.0027260652503192373,0.01672885441778703,0.08526719864547982,0.021632911001891825,0.817924428048762,-0.19748565456666142,1.086159141848609,0.8611561384371992
loco,Women's World Cup 2019,GLM_GEO,1243,117,0.2286705474842721,0.06510200415845213,0.002243687067242567,0.02240888155427026,0.08526719864547982,0.014938056008052676,0.8490230905861457,-0.02103365252979443,1.1183213725506662,0.9849179096749962
loco,Women's World Cup 2019,GBM_LOC,1243,117,0.2521991966849827,0.07152464616311906,0.0025525520757158082,0.016295104558076576,0.08526719864547982,0.02352265169480054,0.8105160085621897,-0.17436893270886608,1.0836625238273667,0.8746720232850344
loco,Women's World Cup 2019,GBM_GEO,1243,117,0.22910227876738035,0.06463689823161166,0.002112598720422368,0.022742899134290534,0.08526719864547982,0.01548973011498174,0.8452733372804422,-0.055921942547368125,1.1033856056507334,0.9607073331526818
loco,Women's World Cup 2019,statsbomb_xg,1243,117,0.23899145113395062,0.06809505138502722,0.0025464266840462407,0.019718573944498843,0.08526719864547982,0.020795251941649863,0.8364682485464012,0.017195136969977275,1.2125222837679022,1.0132111980011687
loco,Women's World Cup 2023,GLM_LOC,1566,134,0.25277146706822534,0.06970741728006787,0.0021782866965024267,0.010717257787454124,0.07824638837101956,0.020538807980471807,0.7656601767697824,-0.21990822297174156,0.9700734335643512,0.8391067750152046
loco,Women's World Cup 2023,GLM_GEO,1566,134,0.22972312242034235,0.06371852193985106,0.0021372126726783083,0.016665079103846812,0.07824638837101956,0.016634804501244892,0.8142458100558659,-0.0891648092442497,1.0522150752095518,0.9345145844308868
loco,Women's World Cup 2023,GBM_LOC,1566,134,0.25137544133589823,0.06906032555670535,0.002298086998647253,0.011484149812961461,0.07824638837101956,0.02176840356489722,0.7651181939464687,-0.22630254018976023,0.9766913003736092,0.83503721963965
loco,Women's World Cup 2023,GBM_GEO,1566,134,0.2269729044926358,0.06263987907281278,0.0019168012710502613,0.017523310569257045,0.07824638837101956,0.017007092359634646,0.819222671558409,-0.10041609639904531,1.0730081758343,0.9269422624520968
loco,Women's World Cup 2023,statsbomb_xg,1566,134,0.23388177088946827,0.06347261374818644,0.0019801721102543496,0.01675394673308747,0.07824638837101956,0.016638763555869365,0.7985335195530727,-0.08531953320142158,1.07226488403111,0.9363553153730876
within,fold0,GLM_LOC,15744,1561,0.2744373735989991,0.07829442575321018,0.0006076216261381995,0.01163157716232878,0.08931838128940076,0.010021314403454473,0.7766381087191797,-0.010106410901990028,0.9835922171031001,0.9921011664114692
within,fold0,GLM_GEO,15744,1561,0.26076655944861826,0.07436872167676975,0.0005046462046096462,0.015454305817240652,0.08931838128940076,0.006829291412052293,0.8063015683662393,-0.02285938871198334,0.9569747511912043,0.9832492328158889
within,fold0,GBM_LOC,15744,1561,0.2734166599470632,0.07822150312337003,0.0004953278218646218,0.011592205987895343,0.08931838128940076,0.008184056455283311,0.7798730043903559,-0.017638648783981227,0.9796330753740332,0.9863020702403039
within,fold0,GBM_GEO,15744,1561,0.25948822689573964,0.07411609415067344,0.0005638773834489297,0.015766164522176246,0.08931838128940076,0.008994588157117152,0.8081728705626641,-0.02738829169323777,0.9468715686110991,0.9802132171948027
within,fold0,statsbomb_xg,15744,1561,0.2605644839117245,0.07395947015613186,0.0005947904555279326,0.01595370158879683,0.08931838128940076,0.011144902921295729,0.8049920859228977,0.0345207847632058,1.0076102010091614,1.0261500588553167
within,fold1,GLM_LOC,15525,1563,0.27083960320561234,0.07754865964365253,0.000543641948244869,0.013535587686281547,0.0905406053816892,0.009745165989719173,0.7948036086982462,0.0004563224817516944,1.0619086890044118,0.999717174824529
within,fold1,GLM_GEO,15525,1563,0.25605591502932906,0.07372764426759788,0.0006060071537238865,0.017418968267815207,0.0905406053816892,0.010817892074429928,0.8245817662656789,-0.003958581534796541,1.0245880682406587,0.9970960156371338
within,fold1,GBM_LOC,15525,1563,0.26727187296591765,0.07690125852050231,0.000644039558053755,0.014283386419240651,0.0905406053816892,0.009622122055729803,0.8013931058462954,0.00720487633490092,1.087865823529797,1.0056358839087645
within,fold1,GBM_GEO,15525,1563,0.25445851159123545,0.07339631320276373,0.0005843231423420248,0.017728615321267502,0.0905406053816892,0.008896649186246705,0.8257512416253127,0.00503312434138815,1.020686138854073,1.0036687387758774
within,fold1,statsbomb_xg,15525,1563,0.2548066154889399,0.07315304858713767,0.0008908919311959862,0.01827844872574752,0.0905406053816892,0.015743914636287652,0.8264429555296924,0.04287653787256426,1.082459180331131,1.0323330109104356
within,fold2,GLM_LOC,15759,1532,0.2689234414854192,0.07633519050680208,0.000512162429678803,0.01194064394152236,0.08776367201864564,0.008408439773797153,0.7799494892677311,-0.03949565255508376,0.996730683762883,0.9695409962466089
within,fold2,GLM_GEO,15759,1532,0.25214082569609847,0.07176122726667286,0.0005495589478049789,0.01655200369977776,0.08776367201864564,0.008185699856128421,0.8149259645131045,-0.025524374572585964,1.0221674323912293,0.9811489098125461
within,fold2,GBM_LOC,15759,1532,0.2668747491503582,0.07596727197957989,0.0005216715039555175,0.012318071543021267,0.08776367201864564,0.007963539270055003,0.7853398027249698,-0.043091215400319266,0.997539295549978,0.966981787873093
within,fold2,GBM_GEO,15759,1532,0.2495518423956509,0.07096359423917291,0.0005420420891808636,0.017342119868653597,0.08776367201864564,0.007235366010272959,0.8197044618394657,-0.023963303585095876,1.0103132139964446,0.9825717592464189
within,fold2,statsbomb_xg,15759,1532,0.2534182883009539,0.07168767312112678,0.000545909586331661,0.01662190848385052,0.08776367201864564,0.008926152165098226,0.8114094784656322,0.010351982964890203,1.0336616255525903,1.0077548350122676
within,fold3,GLM_LOC,15406,1572,0.27874130758345494,0.07966328536234374,0.0005849464612849298,0.01254804053278738,0.09162637943384619,0.008917823284226514,0.7780895825493188,0.042025329923256936,0.9576427476348401,1.0330192976465005
within,fold3,GLM_GEO,15406,1572,0.26342356294781194,0.07525645621251673,0.0005904197715534132,0.016960342992882876,0.09162637943384619,0.008938379123140036,0.8080207023960216,0.03978034698807023,0.9667090636516921,1.0296343747704089
within,fold3,GBM_LOC,15406,1572,0.27701156989231923,0.07928095667527427,0.0004987095944365971,0.01284413235300852,0.09162637943384619,0.008526915517876871,0.781648456378999,0.04211626134675025,0.9793221887685316,1.0332425115894304
within,fold3,GBM_GEO,15406,1572,0.2618082151726836,0.07491399476492962,0.0006185083538570862,0.017330893022773658,0.09162637943384619,0.009475406261646203,0.8108500519242888,0.04510331858448238,0.978262867876641,1.033539161268037
within,fold3,statsbomb_xg,15406,1572,0.26317166084474297,0.07478355136238925,0.0006821713529747975,0.01752499942443174,0.09162637943384619,0.010352786191734846,0.8065559058866288,0.07954824152758339,1.0231601521928955,1.060878444772968
within,fold4,GLM_LOC,15336,1569,0.2801737399214248,0.08004206294205828,0.0004493220043322449,0.012248566207877537,0.09184130714560357,0.006819876981301756,0.7740399574582406,0.006023228052543531,0.9655445865136189,1.004688612035608
within,fold4,GLM_GEO,15336,1569,0.26475933610721236,0.07549659860761357,0.0006103904308791819,0.01695509896886918,0.09184130714560357,0.00956616460382563,0.803985181216127,0.009599292618616685,0.9697876497715007,1.0070945026052271
within,fold4,GBM_LOC,15336,1569,0.27769514349510854,0.07953914763480995,0.0006330971370627214,0.012935256647856344,0.09184130714560357,0.009760274824268918,0.7804501559992598,0.010029513551911258,1.0306184696926284,1.0079094701927378
within,fold4,GBM_GEO,15336,1569,0.2615724387459719,0.0745451198729329,0.0006311755343629821,0.01792736280703365,0.09184130714560357,0.009346964513425503,0.8099358980145899,0.012729968442915735,1.0197522476834273,1.0094591257492422
within,fold4,statsbomb_xg,15336,1569,0.2634618713564072,0.0746482672236989,0.0005812545770970262,0.017774294499001697,0.09184130714560357,0.008761969283473033,0.8041001326686982,0.051427879706084624,1.0212378532936723,1.0388062197077175
