group,model,n,goals,logloss,brier,MCB,DSC,UNC,ICI,auc,cal_int,cal_slope,obs_exp,design,split
men_club,GLM_LOC,38613,3751,0.2654266393128949,0.07554418080365496,0.0003940961863932446,0.012556514777642816,0.08770659939490454,0.00860358825426321,0.7889789999740149,0.06757270772635744,1.055583149370717,1.0548762550715705,loco,
men_club,GLM_GEO,38613,3751,0.25038772771998064,0.07129120410419677,0.00030137133032927255,0.016716766621037035,0.08770659939490454,0.0060660435638367404,0.8187428220812468,-0.025835962485289694,1.026459679929968,0.9810335789837569,loco,
men_club,GBM_LOC,38613,3751,0.26412860401744886,0.07521887089844805,0.00037166214580360013,0.01285939064226009,0.08770659939490454,0.0077980177644013365,0.7916875045624917,0.0700200611483508,1.047290500093412,1.0566969722914363,loco,
men_club,GBM_GEO,38613,3751,0.24884015502401835,0.0708407874641425,0.00030143858701275894,0.01716725051777479,0.08770659939490454,0.006153829364933296,0.8212257505049311,-0.020184120733517007,1.0110104307896406,0.9853550672277642,loco,
men_club,statsbomb_xg,38613,3751,0.2497462775367109,0.07095541337230339,0.0003896808561875964,0.01714086687878874,0.08770659939490454,0.00965863647156017,0.8200682177866371,0.043972078463209024,1.0454523716534745,1.0330678040902734,loco,
men_intl,GLM_LOC,7184,654,0.26167632607385743,0.07338380180528872,0.0009557607419707626,0.010320106887337033,0.082748147950655,0.011463129784371551,0.7722973479260622,-0.10977329532715772,0.956925682591112,0.9169979051162247,loco,
men_intl,GLM_GEO,7184,654,0.24712698281408624,0.06955102864307006,0.0008511565004832716,0.014048275808068209,0.082748147950655,0.009857657455791891,0.804007146503318,-0.08397912207168838,0.9642491129224109,0.93884761864408,loco,
men_intl,GBM_LOC,7184,654,0.2594465341641481,0.0730663268964519,0.0009630257581871443,0.010644846812390238,0.082748147950655,0.011686732384809011,0.7775759725754107,-0.10421929760760587,0.9755443182275114,0.9209433056205438,loco,
men_intl,GBM_GEO,7184,654,0.24537966649075146,0.06924808037310347,0.0009414577855712536,0.014441525363122779,0.082748147950655,0.00992735554471362,0.8082123907067358,-0.07751857496167762,0.9735533020115883,0.943689862709494,loco,
men_intl,statsbomb_xg,7184,654,0.24670445312295744,0.06886649855933274,0.0008148707175529846,0.014696520108875233,0.082748147950655,0.011713351204443074,0.7999530513133923,-0.04008950168372639,1.0178725264230246,0.9699815822294949,loco,
women_club,GLM_LOC,27452,2964,0.29319146382024697,0.08427257360936993,0.000499394987427973,0.012539516400086229,0.09631269502202819,0.009251281282080892,0.7707117198828499,-0.030860795191455,0.9316945415992499,0.9766257275391506,loco,
women_club,GLM_GEO,27452,2964,0.27833058016506884,0.08015051681271826,0.00038610751499698615,0.016548285724306916,0.09631269502202819,0.0076555523389434926,0.8013467776885734,0.05139072455941818,0.9345757255661471,1.0379209996651089,loco,
women_club,GBM_LOC,27452,2964,0.28893607761276335,0.08358483723247133,0.0003927981600593128,0.013120655949616172,0.09631269502202819,0.00678021728932986,0.7791232663573466,-0.033187829259147004,0.9682808280448363,0.9749044031532167,loco,
women_club,GBM_GEO,27452,2964,0.2749947678586014,0.07944506117706394,0.00035617977303593895,0.017223813618000183,0.09631269502202819,0.007136161645570344,0.8060519658531144,0.05095406059357536,0.9593193525611244,1.0377230824024883,loco,
women_club,statsbomb_xg,27452,2964,0.2772989087102261,0.07929934956897264,0.0005215986209810841,0.017534944074036635,0.09631269502202819,0.010560658578716582,0.7992496104291463,0.06916696512833409,1.0065634601181446,1.0526622882361156,loco,
women_intl,GLM_LOC,4521,428,0.2656051174645282,0.07546939998724428,0.0011976256999324114,0.011435266330873328,0.0857070406181852,0.014644082512202694,0.7810953736833572,-0.15980821589256755,0.9988224211656971,0.8826070387679886,loco,
women_intl,GLM_GEO,4521,428,0.2444176435395955,0.06929894981746279,0.0011022454675642807,0.017510336268286686,0.0857070406181852,0.010561903254985778,0.819726978588929,-0.013269145427377295,1.0457713187396451,0.9901702719401048,loco,
women_intl,GBM_LOC,4521,428,0.2641746512116166,0.07484364959296322,0.0012635378803293185,0.012126928905551296,0.0857070406181852,0.01544918151401674,0.7826643277444281,-0.1547877221897677,1.0185095536581614,0.8857245244391854,loco,
women_intl,GBM_GEO,4521,428,0.24171920300936123,0.06832467429029258,0.0011029494717653132,0.018485315799657925,0.0857070406181852,0.012987164683865121,0.8246961418058186,-0.030774496418835944,1.0686173610254628,0.9774679153426757,loco,
women_intl,statsbomb_xg,4521,428,0.24740215968352428,0.06974169211202616,0.0012804166977277293,0.017245765203886765,0.0857070406181852,0.013998935967145692,0.8158281405910707,0.0037806771214054266,1.1205091690574545,1.0028931349940269,loco,
all,GLM_LOC,77770,7797,0.2748912736422008,0.07842130041928093,0.00022663647304312085,0.012011004777286935,0.09020566872352474,0.0061563466716876404,0.7803131657731825,0.0014914899172657795,0.9912076230388881,1.0010359996381322,loco,
all,GLM_GEO,77770,7797,0.25960299380380597,0.07414188496225609,0.00019273854486363817,0.016256522306132296,0.09020566872352474,0.004871619887355285,0.8112584901263908,-0.0019219137987253495,0.9879246989910461,0.998581636304062,loco,
all,GBM_LOC,77770,7797,0.2724555547012253,0.07795131600799118,0.0001902346283117473,0.012444587343845306,0.09020566872352474,0.004975691336542269,0.7852322712261242,0.0022416113439572634,1.0049668633601625,1.0017472809035528,loco,
all,GBM_GEO,77770,7797,0.2573388364931416,0.07358461113093072,0.00016696737703715547,0.01678802496963118,0.09020566872352474,0.004413667039589615,0.8149399427285279,0.0005450162775920544,0.9924503329948816,1.0003986146304984,loco,
all,statsbomb_xg,77770,7797,0.259054810487369,0.0736372153349737,0.0002812951578461814,0.01684974854639723,0.09020566872352474,0.009146694050537233,0.8106821891272703,0.043692276394474185,1.0332400263260049,1.0330359806278941,loco,
all,GLM_LOC,77770,7797,0.274585629730541,0.0783643345608154,0.00022273104294801005,0.012064065205657351,0.09020566872352474,0.005877217367377126,0.7805816985994749,-0.0005641393417022575,0.9918142384176338,0.9995602449563015,within,
all,GLM_GEO,77770,7797,0.2593920104699549,0.07411064436782064,0.00017793197264631688,0.01627295632835042,0.09020566872352474,0.0044295374656412225,0.8114952915540459,-0.000744142183415897,0.9874586205418903,0.999450988329138,within,
all,GBM_LOC,77770,7797,0.2724202116531437,0.07797086806606732,0.00020473464750697667,0.012439535304964403,0.09020566872352474,0.0050778755776805596,0.7856277195659418,-0.0003845636119857612,1.013577483151117,0.9996996536286586,within,
all,GBM_GEO,77770,7797,0.2573412730432314,0.0735762606675587,0.00017631130853063004,0.01680571936449668,0.09020566872352474,0.004918895001348801,0.8148363024671743,0.0022336855828659643,0.9945173280385562,1.0016371377519708,within,
all,statsbomb_xg,77770,7797,0.259054810487369,0.0736372153349737,0.0002812951578461814,0.01684974854639723,0.09020566872352474,0.009146694050537231,0.8106821891272703,0.0436922763943186,1.0332400263260049,1.0330359806278941,within,
men_club,GLM_LOC,38613,3751,0.265128167529124,0.07545258623901817,0.00037475817322073224,0.012628771329107114,0.08770659939490455,0.008517668217960643,0.7894262063648574,0.06188275597182984,1.049533366612224,1.0500207983163248,within,
men_club,GLM_GEO,38613,3751,0.25024292359106814,0.07124904156583702,0.0002827272048859103,0.016740285033953445,0.08770659939490455,0.005887737705825972,0.8189690023723197,-0.02230896287231699,1.0217538550240954,0.9836289856044059,within,
men_club,GBM_LOC,38613,3751,0.26402935873285793,0.07521957135925823,0.00034338935464811593,0.012830417390294432,0.08770659939490455,0.007716527721907829,0.7920847825927696,0.06254481804398039,1.0514103742349512,1.050530657391479,within,
men_club,GBM_GEO,38613,3751,0.2486262312341854,0.07077813371487267,0.00027795177505089697,0.01720641745508278,0.08770659939490455,0.005878067387165074,0.8214990067628649,-0.015325477983983773,1.0105621486674057,0.9888608250591643,within,
men_club,statsbomb_xg,38613,3751,0.24974627753671094,0.07095541337230338,0.0003896808561875825,0.017140866878788755,0.08770659939490455,0.009658636471560168,0.8200682177866371,0.04397207846468997,1.0454523716534745,1.0330678040902734,within,
men_intl,GLM_LOC,7184,654,0.2618242484560207,0.07339292132827274,0.0010263399644385302,0.010381566586820781,0.082748147950655,0.01204971723666404,0.7719861518936362,-0.10762979474276846,0.9556481825171391,0.9185052156252748,within,
men_intl,GLM_GEO,7184,654,0.24741420864930816,0.06963637377354288,0.0008886964140953496,0.014000470591207459,0.082748147950655,0.009579251959711167,0.803563417021416,-0.08262985667320027,0.9610326286677983,0.9397963146664172,within,
men_intl,GBM_LOC,7184,654,0.25971127616237155,0.07310570921376214,0.0009170639336904401,0.010559502670583296,0.082748147950655,0.011181050178081344,0.776756887758686,-0.0993142641949039,0.9870233348769788,0.9242105658604115,within,
men_intl,GBM_GEO,7184,654,0.24638529122816433,0.06948843122801945,0.0008422437965722451,0.014101960519207785,0.082748147950655,0.008400994487230085,0.8058068851829476,-0.0765354124400408,0.9674652542579218,0.9443305820324507,within,
men_intl,statsbomb_xg,7184,654,0.24670445312295744,0.06886649855933274,0.0008148707175529984,0.014696520108875247,0.082748147950655,0.011713351204443074,0.7999530513133923,-0.04008950168373104,1.0178725264230246,0.9699815822294947,within,
women_club,GLM_LOC,27452,2964,0.29268398475628854,0.08423748234369009,0.0005282816462591627,0.012603494324597259,0.09631269502202819,0.009026468360170244,0.7708266099432987,-0.02971662628587395,0.9385843008126281,0.9774721846900407,within,
women_club,GLM_GEO,27452,2964,0.2777965709925838,0.08008710220320026,0.0003854671997776393,0.016611060018605572,0.09631269502202819,0.007583377973029775,0.8018621365566808,0.049426690630438155,0.940463080992084,1.036443382426654,within,
women_club,GBM_LOC,27452,2964,0.2888485265479,0.08359403074272669,0.00039420216617164217,0.013112866445473145,0.09631269502202819,0.006591426097297668,0.7795130576500937,-0.0310104221700624,0.9827280522864462,0.9764316369902315,within,
women_club,GBM_GEO,27452,2964,0.2747597694925885,0.07936536310491617,0.00040450689420405694,0.017351838811316078,0.09631269502202819,0.007784475438253616,0.8062825726203278,0.04932231715066133,0.9695734436230563,1.0366184005566639,within,
women_club,statsbomb_xg,27452,2964,0.2772989087102261,0.07929934956897264,0.0005215986209810841,0.017534944074036635,0.09631269502202819,0.010560658578716582,0.7992496104291463,0.06916696512629532,1.0065634601181446,1.0526622882361156,within,
women_intl,GLM_LOC,4521,428,0.2657430526220797,0.07547035483877772,0.001211106205236373,0.011447791984643851,0.0857070406181852,0.014228375544626677,0.7801472082493248,-0.15668791624174808,0.9975474561784301,0.8846954602376759,within,
women_intl,GLM_GEO,4521,428,0.24481121517395324,0.06937109746347306,0.0010461005918035449,0.017382043746515682,0.0857070406181852,0.010249380905757331,0.818443730006325,-0.013048157184586781,1.041436187138746,0.990332996607527,within,
women_intl,GBM_LOC,4521,428,0.2645252538751856,0.07505559691705765,0.0013642006753368519,0.012015644376464393,0.0857070406181852,0.015748709741365986,0.7826138083940899,-0.16145026936977563,1.0077371635958532,0.8813977311623955,within,
women_intl,GBM_GEO,4521,428,0.243417167359618,0.06881815463070362,0.00119901478869551,0.018087900776177085,0.0857070406181852,0.012047211478178744,0.8215628004046115,-0.034749816564060496,1.0499944274385473,0.9746074055469459,within,
women_intl,statsbomb_xg,4521,428,0.24740215968352428,0.06974169211202617,0.0012804166977277431,0.017245765203886765,0.0857070406181852,0.01399893596714569,0.8158281405910707,0.003780677121404894,1.1205091690574545,1.0028931349940269,within,
men_intl,GLM_LOC,7184,654,0.26294773872841076,0.07366921235488434,0.0014862544554622853,0.010565190051232937,0.082748147950655,0.015556883998600652,0.7734751628569154,-0.17459767724535746,0.8962384459266691,0.8734425918057905,cross,men_club
men_intl,GLM_GEO,7184,654,0.2475461706862595,0.06969074630675591,0.0008562321958279356,0.013913633839727019,0.082748147950655,0.009900292289902567,0.804434484922564,-0.06034356347037326,0.923425612163616,0.9561670650999039,cross,men_club
men_intl,GBM_LOC,7184,654,0.2609430303198734,0.07332455892917916,0.000988886110296322,0.010412475131772153,0.082748147950655,0.0145162695365009,0.7752081664957313,-0.16212540585634042,0.966628823006542,0.8800999357150731,cross,men_club
men_intl,GBM_GEO,7184,654,0.24686898095183096,0.0695410206132364,0.0011369562108318465,0.014344083548250439,0.082748147950655,0.011035744815584638,0.803821693337267,-0.057819747684011914,0.9585255366150016,0.9576932628907435,cross,men_club
men_intl,statsbomb_xg,7184,654,0.24670445312295744,0.06886649855933276,0.0008148707175530123,0.014696520108875247,0.082748147950655,0.011713351204443074,0.7999530513133923,-0.04008950168374286,1.0178725264230246,0.9699815822294949,cross,men_club
women_club,GLM_LOC,27452,2964,0.2950869715225665,0.08470335059858328,0.0008523401201945141,0.012461684543639426,0.09631269502202819,0.01459865366191179,0.7688187962618832,-0.10792741975606503,0.8668538616236738,0.9221691369091634,cross,men_club
women_club,GLM_GEO,27452,2964,0.2795664058652023,0.08028916634579948,0.00044849653686118707,0.016472025213089894,0.09631269502202819,0.009757581906104429,0.7993431385710525,0.07139116002788205,0.891971723827991,1.0529096747136713,cross,men_club
women_club,GBM_LOC,27452,2964,0.2920688446239405,0.08411913117544985,0.0005794750774198026,0.012773038923998142,0.09631269502202819,0.011835442108097324,0.771329755112091,-0.0857903412986276,0.9454111636546347,0.9364450276641492,cross,men_club
women_club,GBM_GEO,27452,2964,0.2777903659675556,0.0798736000726938,0.00039865349435122543,0.016837748443685616,0.09631269502202819,0.009086376999660778,0.7990897990301565,0.08996429765863499,0.9440683382864663,1.0678573264455344,cross,men_club
women_club,statsbomb_xg,27452,2964,0.2772989087102261,0.07929934956897264,0.0005215986209810841,0.017534944074036635,0.09631269502202819,0.01056065857871658,0.7992496104291463,0.06916696512837392,1.0065634601181446,1.0526622882361156,cross,men_club
women_intl,GLM_LOC,4521,428,0.26759974473300396,0.07616903541223881,0.002112260009639183,0.011650265215585584,0.08570704061818521,0.020513972992575354,0.7800501654294658,-0.234325896029823,0.9322111060289175,0.8357661191449604,cross,men_club
women_intl,GLM_GEO,4521,428,0.2451269233448001,0.06960100165380861,0.0010840987031930371,0.017190137667569633,0.08570704061818521,0.009939720000106463,0.8191236005854536,0.00833012951460991,0.9954249707843125,1.0061340099379812,cross,men_club
women_intl,GBM_LOC,4521,428,0.26675825014937266,0.07588171842190665,0.001721623793707272,0.011546945989985832,0.08570704061818521,0.020266224746923984,0.780930971729714,-0.22341250172568441,0.9824910546700271,0.8407462748206016,cross,men_club
women_intl,GBM_GEO,4521,428,0.24425313287971062,0.06925385909055963,0.0010268864889074608,0.01748006801653304,0.08570704061818521,0.011782265648885274,0.8217026562332315,0.0014868990480501657,1.0428627697167534,1.0011028786885598,cross,men_club
women_intl,statsbomb_xg,4521,428,0.24740215968352428,0.06974169211202616,0.0012804166977277293,0.01724576520388678,0.08570704061818521,0.013998935967145692,0.8158281405910707,0.0037806771191498056,1.1205091690574545,1.0028931349940269,cross,men_club
men_club,GLM_LOC,38613,3751,0.26787301979298894,0.07603051436016095,0.0005790118593324151,0.012255096894076,0.08770659939490454,0.012626650943674085,0.7861826179532475,0.16001185583467337,1.0378038712475084,1.136082756256929,cross,men_intl
men_club,GLM_GEO,38613,3751,0.2535191198033979,0.07208810800223302,0.0002960796649609798,0.0159145710576325,0.08770659939490454,0.006258594972663421,0.8139124959942221,0.0596706196480441,0.971202687410098,1.045241740267469,cross,men_intl
men_club,GBM_LOC,38613,3751,0.2716290072708297,0.07732477087736613,0.0015339214792478434,0.011915749996786254,0.08770659939490454,0.023154824044716762,0.7870963627759043,0.11078446045364924,1.3551083086703366,1.0979610159296795,cross,men_intl
men_club,GBM_GEO,38613,3751,0.254381424744885,0.07244532130925384,0.0007638415728725978,0.016025119658523296,0.08770659939490454,0.012434862850934928,0.815596796240334,0.04197613355598956,1.1687994751274218,1.0334875995244979,cross,men_intl
men_club,statsbomb_xg,38613,3751,0.2497462775367109,0.07095541337230339,0.0003896808561875964,0.01714086687878874,0.08770659939490454,0.00965863647156017,0.8200682177866371,0.043972078463209024,1.0454523716534745,1.0330678040902734,cross,men_intl
women_club,GLM_LOC,27452,2964,0.2979588518377489,0.0846624517665853,0.0005602249035105561,0.01221046815895345,0.09631269502202819,0.010312017774528642,0.7651574419551002,0.07024411967256622,0.8997313025345849,1.0557384056835348,cross,men_intl
women_club,GLM_GEO,27452,2964,0.28474354428351895,0.08114374550713363,0.0004892184718663234,0.015658167986760882,0.09631269502202819,0.012266170048157391,0.7927398051363174,0.11761855379015047,0.8678660102820711,1.0896051093245949,cross,men_intl
women_club,GBM_LOC,27452,2964,0.2966202313800795,0.08552268321502451,0.0010266889441015864,0.01181670075110526,0.09631269502202819,0.016018461013602703,0.7628935401337888,0.08176352697028848,1.2235236009882993,1.0699443155056108,cross,men_intl
women_club,GBM_GEO,27452,2964,0.2824194358274985,0.08146612804000258,0.0009327647369497677,0.015779331718975373,0.09631269502202819,0.015031701646317022,0.7938420622224398,0.14273688432374596,1.0915941455530422,1.117790545037774,cross,men_intl
women_club,statsbomb_xg,27452,2964,0.2772989087102261,0.07929934956897264,0.0005215986209810841,0.017534944074036635,0.09631269502202819,0.01056065857871658,0.7992496104291463,0.06916696512837392,1.0065634601181446,1.0526622882361156,cross,men_intl
women_intl,GLM_LOC,4521,428,0.2677855344747511,0.07582143826350847,0.0012642029069422772,0.011149805261619017,0.08570704061818521,0.011617551101216868,0.7735089085308631,-0.047377049289343914,0.9824227539515505,0.9630961630179056,cross,men_intl
women_intl,GLM_GEO,4521,428,0.24834496262585115,0.06997320801940389,0.0012856782665031374,0.017019510865284457,0.08570704061818521,0.013335930885107086,0.8099678959518302,0.08263720831444363,0.9961428787093197,1.0639681693795875,cross,men_intl
women_intl,GBM_LOC,4521,428,0.2703824063375752,0.0762732829022519,0.0016785904321920397,0.011112348148125353,0.08570704061818521,0.020160575058969912,0.7737035650106975,-0.06275382280941208,1.2471414572955277,0.9489114601432858,cross,men_intl
women_intl,GBM_GEO,4521,428,0.25004209863309457,0.07045567447257114,0.0015710355783861707,0.016822401724000235,0.08570704061818521,0.015407269874231215,0.8132605017456291,0.045163534948450754,1.1812068258294086,1.0363163203243808,cross,men_intl
women_intl,statsbomb_xg,4521,428,0.24740215968352428,0.06974169211202616,0.0012804166977277293,0.01724576520388678,0.08570704061818521,0.013998935967145692,0.8158281405910707,0.0037806771191498056,1.1205091690574545,1.0028931349940269,cross,men_intl
men_club,GLM_LOC,38613,3751,0.2678538919231683,0.07605070459168743,0.000407010129118035,0.012062904932335139,0.08770659939490454,0.009715246619708084,0.7860116884517407,0.07742959179140489,1.0522877674709008,1.0628987052492838,cross,women_club
men_club,GLM_GEO,38613,3751,0.25343562970900607,0.07189070714588529,0.0003097803339962152,0.016125672583015463,0.08770659939490454,0.007912445328566475,0.8149452689884498,-0.07810930144448124,1.023060347657954,0.9435477714990506,cross,women_club
men_club,GBM_LOC,38613,3751,0.26685537324549946,0.07597212649922643,0.0005667882165733273,0.012301261112251438,0.08770659939490454,0.010410783188941352,0.7874745878868459,0.06910464165887337,1.0835583363884265,1.056845526436389,cross,women_club
men_club,GBM_GEO,38613,3751,0.2514733547604584,0.07152932822768476,0.00036326668877743884,0.01654053785599721,0.08770659939490454,0.007696192002653055,0.8165415770947495,-0.06827675673087232,1.0160706317815962,0.9509750142947323,cross,women_club
men_club,statsbomb_xg,38613,3751,0.2497462775367109,0.07095541337230339,0.0003896808561875964,0.01714086687878874,0.08770659939490454,0.00965863647156017,0.8200682177866371,0.043972078463209024,1.0454523716534745,1.0330678040902734,cross,women_club
men_intl,GLM_LOC,7184,654,0.2652193353979052,0.0740126996812497,0.0010408710171561364,0.009776319286561433,0.082748147950655,0.011567505228956523,0.7696007839611111,-0.09516932815160221,0.9315007513024515,0.9273454591052805,cross,women_club
men_intl,GLM_GEO,7184,654,0.2522963783868892,0.07047964584480058,0.0011385383697947588,0.013407040475649168,0.082748147950655,0.012928522463176554,0.7988071989547185,-0.14565650835958097,0.9344119813842973,0.8962450495101969,cross,women_club
men_intl,GBM_LOC,7184,654,0.2614889694269082,0.0735817256870411,0.001014495670899257,0.010180917934513145,0.082748147950655,0.010615809948138249,0.7727695276095743,-0.08917789905851416,1.0182877543556084,0.9308026250630901,cross,women_club
men_intl,GBM_GEO,7184,654,0.24957639923074512,0.07041540748487457,0.0009619207766209115,0.013294661242401334,0.082748147950655,0.011469099077370424,0.800188497220544,-0.1296869470010877,0.9648652693934758,0.9069355216895938,cross,women_club
men_intl,statsbomb_xg,7184,654,0.24670445312295744,0.06886649855933276,0.0008148707175530123,0.014696520108875247,0.082748147950655,0.011713351204443074,0.7999530513133923,-0.04008950168374286,1.0178725264230246,0.9699815822294949,cross,women_club
women_intl,GLM_LOC,4521,428,0.2685934310093238,0.07558346110815042,0.001148891026203483,0.011272470536238269,0.08570704061818521,0.013932041969189348,0.7808841628401351,-0.13491311634312614,0.9838832108281189,0.8993569111416091,cross,women_club
women_intl,GLM_GEO,4521,428,0.24882179845139146,0.06984914510394445,0.0012271267447018647,0.017085022258942623,0.08570704061818521,0.011494330717170776,0.8179819203518203,-0.07858187625929548,1.0194409127960429,0.9431942291982857,cross,women_club
women_intl,GBM_LOC,4521,428,0.26581326871456,0.07520035394232193,0.0014149024038615093,0.011921589079724793,0.08570704061818521,0.015863047530869243,0.7790503389648613,-0.1320922213288407,1.043894885980469,0.9004010601540297,cross,women_club
women_intl,GBM_GEO,4521,428,0.24587825891791246,0.0694708688412668,0.0013747532757399095,0.01761092505265832,0.08570704061818521,0.014811558705575404,0.8179899121134556,-0.09352547695154119,1.0502146878268506,0.9327730175026911,cross,women_club
women_intl,statsbomb_xg,4521,428,0.24740215968352428,0.06974169211202616,0.0012804166977277293,0.01724576520388678,0.08570704061818521,0.013998935967145692,0.8158281405910707,0.0037806771191498056,1.1205091690574545,1.0028931349940269,cross,women_club
men_club,GLM_LOC,38613,3751,0.26973163700995517,0.07637275394516842,0.000753438376062246,0.012087283825798364,0.08770659939490454,0.016737582318949222,0.7823736438148838,0.23779656771500848,0.9675374238055475,1.20633649559657,cross,women_intl
men_club,GLM_GEO,38613,3751,0.2566329952585335,0.07291912133199147,0.0006628892128980185,0.015450367275811089,0.08770659939490454,0.011928740561529977,0.8089122192432084,-0.06730625681318839,0.8567070084205243,0.9536966771067367,cross,women_intl
men_club,GBM_LOC,38613,3751,0.2725491599456874,0.0773588424696983,0.0006633435347454947,0.011011100459951725,0.08770659939490454,0.015507921280243949,0.7756758295697668,0.21350303264892728,0.9715079285281186,1.186108961406384,cross,women_intl
men_club,GBM_GEO,38613,3751,0.25829026725905746,0.07332538796302362,0.0007136779469249233,0.015094889378805834,0.08770659939490454,0.01315131263422328,0.8050746332253762,-0.032564958229830916,0.8443545498667121,0.9774783454770248,cross,women_intl
men_club,statsbomb_xg,38613,3751,0.2497462775367109,0.07095541337230339,0.0003896808561875964,0.01714086687878874,0.08770659939490454,0.00965863647156017,0.8200682177866371,0.043972078463209024,1.0454523716534745,1.0330678040902734,cross,women_intl
men_intl,GLM_LOC,7184,654,0.26494608243623496,0.07372940904635006,0.0008630889783789453,0.00988182788268388,0.082748147950655,0.010311673864966254,0.7657212535884719,0.053091357210675594,0.8724124711534187,1.042784392001146,cross,women_intl
men_intl,GLM_GEO,7184,654,0.25290223254275046,0.0706761388148384,0.001312123444095023,0.013384132579911612,0.082748147950655,0.015149746363994125,0.7965255630330023,-0.09379204947909622,0.8192369328962447,0.9345965880748837,cross,women_intl
men_intl,GBM_LOC,7184,654,0.2666107311627103,0.074807264820746,0.0007159953075255993,0.008656878437434595,0.082748147950655,0.00960713127684421,0.7588186258669702,0.03639509562301337,0.8958198845937472,1.0296327460073438,cross,women_intl
men_intl,GBM_GEO,7184,654,0.2548452534199195,0.07177895806940615,0.0016253429005603504,0.012594532781809192,0.082748147950655,0.01581017068451688,0.7913150783726953,-0.07261190939023658,0.809741721299989,0.9493973799246372,cross,women_intl
men_intl,statsbomb_xg,7184,654,0.24670445312295744,0.06886649855933276,0.0008148707175530123,0.014696520108875247,0.082748147950655,0.011713351204443074,0.7999530513133923,-0.04008950168374286,1.0178725264230246,0.9699815822294949,cross,women_intl
women_club,GLM_LOC,27452,2964,0.2971550656329887,0.08453264286257942,0.0006107853813350217,0.012390837540783795,0.09631269502202819,0.013323211071863197,0.765237661091323,0.1206631406464955,0.8602046747103838,1.0966013470193636,cross,women_intl
women_club,GLM_GEO,27452,2964,0.28671323961742307,0.08192988779493239,0.0008931919856226683,0.015275999212718466,0.09631269502202819,0.015134910591527037,0.7905374953542478,0.030532670847504443,0.7805227899868199,1.0211685659191891,cross,women_intl
women_club,GBM_LOC,27452,2964,0.2983623872190464,0.0855356634733546,0.0004769075454566507,0.011253939094130236,0.09631269502202819,0.01191470866200082,0.7572641544995351,0.12592133756514678,0.8882847882476812,1.1033518568463694,cross,women_intl
women_club,GBM_GEO,27452,2964,0.2878553287140758,0.08250866360977034,0.0008912483925894304,0.014695279804847278,0.09631269502202819,0.01956507680580023,0.7844252036084983,0.08586520598785734,0.7970616945089165,1.0621319619801741,cross,women_intl
women_club,statsbomb_xg,27452,2964,0.2772989087102261,0.07929934956897264,0.0005215986209810841,0.017534944074036635,0.09631269502202819,0.01056065857871658,0.7992496104291463,0.06916696512837392,1.0065634601181446,1.0526622882361156,cross,women_intl
