unit,group,model,how,n_eval,cal_shots,cal_goals,n,goals,logloss,brier,MCB,DSC,UNC,ICI,auc,cal_int,cal_slope,obs_exp
African Cup of Nations 2023,men_intl,GLM_LOC,none,864,223,19,864,75,0.25670627099562937,0.07203806265891985,0.003179987037706042,0.010412275459033088,0.0792703510802469,0.01873029435367102,0.7658132657372201,-0.1413158033504827,0.9164027767344834,0.8940343459601537
African Cup of Nations 2023,men_intl,GLM_LOC,two_param,864,223,19,864,75,0.2567359487572831,0.07201470470670553,0.003156629085491719,0.010412275459033088,0.0792703510802469,0.018444305973770603,0.7658132657372201,-0.007572840426390131,0.8493199744019634,0.9940926010047123
African Cup of Nations 2023,men_intl,GLM_LOC,intercept,864,223,19,864,75,0.2559924653930162,0.07167428578006894,0.002816210158855137,0.010412275459033088,0.0792703510802469,0.01765979892320577,0.7658132657372201,-0.007034780765919076,0.9165066917523959,0.9943936423196524
African Cup of Nations 2023,men_intl,GLM_LOC,shrunk,864,223,19,864,75,0.25641317961597054,0.07193689745876572,0.003078821837551912,0.010412275459033088,0.0792703510802469,0.017815490933789643,0.7658132657372201,-0.04827547387723374,0.878329739803875,0.9626610984991764
African Cup of Nations 2023,men_intl,GLM_GEO,none,864,223,19,864,75,0.24139748519414198,0.06811442897424927,0.0034144021887740905,0.014570324294771717,0.0792703510802469,0.01955485281075695,0.806235741444867,-0.14675834572431168,0.9379649901633589,0.8954019042726555
African Cup of Nations 2023,men_intl,GLM_GEO,two_param,864,223,19,864,75,0.24118378056474862,0.06785230868044188,0.0031522818949667047,0.014570324294771717,0.0792703510802469,0.018415921362393364,0.806235741444867,0.08020991616602142,0.9000855043482047,1.0622270563811647
African Cup of Nations 2023,men_intl,GLM_GEO,intercept,864,223,19,864,75,0.24085139059563154,0.0677549625543744,0.003054935768899217,0.014570324294771717,0.0792703510802469,0.01818999696914815,0.806235741444867,0.0758355393622804,0.9383508845373464,1.059545970994856
African Cup of Nations 2023,men_intl,GLM_GEO,shrunk,864,223,19,864,75,0.2411034787750999,0.0679881051012686,0.003288078315793419,0.014570324294771717,0.0792703510802469,0.018131279104951305,0.806235741444867,-0.017487560309650426,0.8899898306429402,0.9870467279835612
African Cup of Nations 2023,men_intl,GBM_LOC,none,864,223,19,864,75,0.2582123701063827,0.07254025473634322,0.003281477041309544,0.010011573385213218,0.0792703510802469,0.021708277951603187,0.7650866075200675,-0.13495988436544024,0.8948502518700756,0.898165556909297
African Cup of Nations 2023,men_intl,GBM_LOC,two_param,864,223,19,864,75,0.2582916006074544,0.0723889626212338,0.0031301849262001247,0.010011573385213218,0.0792703510802469,0.021142375393421873,0.7650866075200675,0.011475148118007128,0.8389405647276515,1.0091035297015645
African Cup of Nations 2023,men_intl,GBM_LOC,intercept,864,223,19,864,75,0.2575627605406527,0.07212608367757435,0.0028673059825406744,0.010011573385213218,0.0792703510802469,0.020251811432393057,0.7650866075200675,0.011622829976835102,0.894654983712395,1.0093850104308004
African Cup of Nations 2023,men_intl,GBM_LOC,shrunk,864,223,19,864,75,0.2580438679647817,0.07240752814081439,0.0031487504457807097,0.010011573385213218,0.0792703510802469,0.020990012254597252,0.7650866075200675,-0.03794584124125492,0.8577734884850883,0.970392263996689
African Cup of Nations 2023,men_intl,GBM_GEO,none,864,223,19,864,75,0.24240424073744593,0.06852906863915492,0.003547141253683647,0.01428842369477562,0.0792703510802469,0.023752677819179027,0.8069792986903254,-0.12796042988569736,0.9192730141431221,0.908588225384724
African Cup of Nations 2023,men_intl,GBM_GEO,two_param,864,223,19,864,75,0.2427635059589086,0.06823147296983098,0.003249545584359706,0.01428842369477562,0.0792703510802469,0.02383596419293185,0.8069792986903254,0.13095810697057886,0.8855185294862297,1.1033564220933854
African Cup of Nations 2023,men_intl,GBM_GEO,intercept,864,223,19,864,75,0.24236047892686563,0.06812883322123756,0.003146905835766281,0.01428842369477562,0.0792703510802469,0.023710468416373958,0.8069792986903254,0.12609867599428168,0.9192396783618869,1.100735281543425
African Cup of Nations 2023,men_intl,GBM_GEO,shrunk,864,223,19,864,75,0.24247698932071363,0.06841972114384619,0.003437793758374913,0.01428842369477562,0.0792703510802469,0.02277154558114476,0.8069792986903254,0.01437295567472009,0.8687878497596316,1.0106980751714683
Copa America 2024,men_intl,GLM_LOC,none,472,237,18,472,44,0.27330271927681693,0.07633796492793868,0.003348345496036395,0.011540687951033662,0.08453030738293595,0.024936845408031007,0.7574872557349194,0.03626375713603211,0.9859118830118668,1.0303427833736845
Copa America 2024,men_intl,GLM_LOC,two_param,472,237,18,472,44,0.28040222197683523,0.07891497212789235,0.005925352695990066,0.011540687951033662,0.08453030738293595,0.039576141380791886,0.7574872557349194,0.2325646566473596,1.6314869151580598,1.2292226310199852
Copa America 2024,men_intl,GLM_LOC,intercept,472,237,18,472,44,0.2757406309810719,0.0770218217414389,0.004032202309536617,0.011540687951033662,0.08453030738293595,0.027535720365277985,0.7574872557349194,0.26260660332143276,0.9849378006732449,1.2454842932794101
Copa America 2024,men_intl,GLM_LOC,shrunk,472,237,18,472,44,0.2734911812062501,0.07644029897436266,0.0034506795424603803,0.011540687951033662,0.08453030738293595,0.024875143463573175,0.7574872557349194,0.08068685331895681,0.9993254792001961,1.0691714595899915
Copa America 2024,men_intl,GLM_GEO,none,472,237,18,472,44,0.24692572702880264,0.07060233680180489,0.003784499241758457,0.017712469822889515,0.08453030738293595,0.02650113449115257,0.8183942225998302,0.011567931304125605,1.1153997242603848,1.009104985527812
Copa America 2024,men_intl,GLM_GEO,two_param,472,237,18,472,44,0.2564221510979942,0.07402142718509908,0.007203589625052645,0.017712469822889515,0.08453030738293595,0.04290761414516082,0.8183942225998302,0.2750865526171667,1.5700116228322212,1.266195836207389
Copa America 2024,men_intl,GLM_GEO,intercept,472,237,18,472,44,0.2503050485093337,0.0718557864003884,0.005037948840341963,0.017712469822889515,0.08453030738293595,0.032325500992521294,0.8183942225998302,0.3148716531713451,1.1158768791182683,1.2867964013924496
Copa America 2024,men_intl,GLM_GEO,shrunk,472,237,18,472,44,0.2472548048881685,0.07081557305517805,0.0039977354951316185,0.017712469822889515,0.08453030738293595,0.02769742980057677,0.8183942225998302,0.09408857017464074,1.1177233799437816,1.0770345085370627
Copa America 2024,men_intl,GBM_LOC,none,472,237,18,472,44,0.2637704841923824,0.07493000510336835,0.003900780735878087,0.013501083015445683,0.08453030738293595,0.025028803140864857,0.7895603228547154,-0.02182917181454036,1.0909012165939111,0.9823757647130936
Copa America 2024,men_intl,GBM_LOC,two_param,472,237,18,472,44,0.2751521515628239,0.07823105995865948,0.0072018355911692145,0.013501083015445683,0.08453030738293595,0.04606583632291593,0.7895603228547154,0.22371674643961995,1.911692664458263,1.219819342876665
Copa America 2024,men_intl,GBM_LOC,intercept,472,237,18,472,44,0.2659671782847842,0.07578143638549928,0.004752212018009017,0.013501083015445683,0.08453030738293595,0.02650777845476407,0.7895603228547154,0.2482906213895431,1.0916988515133954,1.2284481778541605
Copa America 2024,men_intl,GBM_LOC,shrunk,472,237,18,472,44,0.26389119403453504,0.07505029453402756,0.004021070166537299,0.013501083015445683,0.08453030738293595,0.024567803207560173,0.7895603228547154,0.0385611942692485,1.1049943823335877,1.0321255297683818
Copa America 2024,men_intl,GBM_GEO,none,472,237,18,472,44,0.23977746674457556,0.06853275748563376,0.003898468881035913,0.019896018778338104,0.08453030738293595,0.027285377077062297,0.8353865760407817,-0.058191615733956155,1.1696363615382728,0.9561721779336848
Copa America 2024,men_intl,GBM_GEO,two_param,472,237,18,472,44,0.24932705650524822,0.07207836286556153,0.00744407426096369,0.019896018778338104,0.08453030738293595,0.04289482930714471,0.8353865760407817,0.20019117040746667,1.6332623749580124,1.1853153429866117
Copa America 2024,men_intl,GBM_GEO,intercept,472,237,18,472,44,0.24105000639932259,0.06948314133029537,0.0048488527256975306,0.019896018778338104,0.08453030738293595,0.027001114550024897,0.8353865760407817,0.20096164565936567,1.1694333242520758,1.1708382187032107
Copa America 2024,men_intl,GBM_GEO,shrunk,472,237,18,472,44,0.2397667196181012,0.0686906392134579,0.00405635060886006,0.019896018778338104,0.08453030738293595,0.027106931823963284,0.8353865760407817,0.004599951512985658,1.178272437449992,1.00357411446959
FA Women's Super League 2018/2019,women_club,GLM_LOC,none,2423,273,20,2423,265,0.31359893027349806,0.08981804441575585,0.003838436098094547,0.01142746303339745,0.09740707135105875,0.026333044000336953,0.7543803661671359,-0.14496789321933812,0.6897243211827306,0.9003427390654642
FA Women's Super League 2018/2019,women_club,GLM_LOC,two_param,2423,273,20,2423,265,0.3146208368526261,0.08926015334166504,0.0032805450240037393,0.01142746303339745,0.09740707135105875,0.030532763063463583,0.7543803661671359,0.37367095335854,0.7757162368049377,1.3375645463975956
FA Women's Super League 2018/2019,women_club,GLM_LOC,intercept,2423,273,20,2423,265,0.3177389719478184,0.08943346609193921,0.0034538577742779103,0.01142746303339745,0.09740707135105875,0.031597447050943826,0.7543803661671359,0.36672187670293754,0.6896918432773609,1.3166426440785144
FA Women's Super League 2018/2019,women_club,GLM_LOC,shrunk,2423,273,20,2423,265,0.31639876003266787,0.08964442588938845,0.0036648175717271525,0.01142746303339745,0.09740707135105875,0.025962203857976627,0.7543803661671359,0.10896288340617814,0.636006080594808,1.076914660797997
FA Women's Super League 2018/2019,women_club,GLM_GEO,none,2423,273,20,2423,265,0.31006168500409176,0.08797426045689127,0.004208418660132537,0.013641229554300013,0.09740707135105875,0.02713017099872715,0.7677793904208999,-0.14339884920930343,0.6559624571873155,0.9059866869883644
FA Women's Super League 2018/2019,women_club,GLM_GEO,two_param,2423,273,20,2423,265,0.30876575811120494,0.08903161839356774,0.005265776596809005,0.013641229554300013,0.09740707135105875,0.0362098966245143,0.7677793904208999,0.4576970982602939,1.0855037039904174,1.4616313500683136
FA Women's Super League 2018/2019,women_club,GLM_GEO,intercept,2423,273,20,2423,265,0.31672355254685364,0.08771958230694717,0.00395374051018843,0.013641229554300013,0.09740707135105875,0.0369425437419737,0.7677793904208999,0.4622225235495406,0.6559247398440359,1.393948075377623
FA Women's Super League 2018/2019,women_club,GLM_GEO,shrunk,2423,273,20,2423,265,0.3103694309145881,0.08725498357767696,0.00348914178091822,0.013641229554300013,0.09740707135105875,0.025494228407338226,0.7677793904208999,0.07218475323227458,0.6434700702107408,1.0473950342137692
FA Women's Super League 2018/2019,women_club,GBM_LOC,none,2423,273,20,2423,265,0.3021904717648433,0.08812091187453448,0.0028259520870818067,0.012112111563606073,0.09740707135105875,0.021202821457641654,0.7659607952856419,-0.10454518709072817,0.7928685861863882,0.9258046808820699
FA Women's Super League 2018/2019,women_club,GBM_LOC,two_param,2423,273,20,2423,265,0.30522956195610396,0.08824179042396113,0.0029468306365084546,0.012112111563606073,0.09740707135105875,0.030892041823526208,0.7659607952856419,0.3748087898322482,0.895547147688581,1.3463946490719843
FA Women's Super League 2018/2019,women_club,GBM_LOC,intercept,2423,273,20,2423,265,0.3068254542356246,0.08820247299913764,0.0029075132116849617,0.012112111563606073,0.09740707135105875,0.031375890874060196,0.7659607952856419,0.36662943014658433,0.7930755263435696,1.3238726190392496
FA Women's Super League 2018/2019,women_club,GBM_LOC,shrunk,2423,273,20,2423,265,0.3045698516167178,0.08804389107551693,0.002748931288064249,0.012112111563606073,0.09740707135105875,0.024293561846398075,0.7659607952856419,0.12430379887539289,0.7331639690993146,1.095152900243377
FA Women's Super League 2018/2019,women_club,GBM_GEO,none,2423,273,20,2423,265,0.3015510686179983,0.08793356287924384,0.0032853017208993723,0.012758810192714284,0.09740707135105875,0.023736129924793483,0.7720985538671377,-0.11312041382717025,0.7273249701785679,0.9241702970453968
FA Women's Super League 2018/2019,women_club,GBM_GEO,two_param,2423,273,20,2423,265,0.3048973675970551,0.08893810546286338,0.004289844304518911,0.012758810192714284,0.09740707135105875,0.035714556675738016,0.7720985538671377,0.4234237299152952,1.2665016868852208,1.4306864976413065
FA Women's Super League 2018/2019,women_club,GBM_GEO,intercept,2423,273,20,2423,265,0.306665020293301,0.08742753883550948,0.002779277677165015,0.012758810192714284,0.09740707135105875,0.03319021373013404,0.7720985538671377,0.39603373546895854,0.7274482060518634,1.3331955103912563
FA Women's Super League 2018/2019,women_club,GBM_GEO,shrunk,2423,273,20,2423,265,0.3010770937916633,0.08723626739245936,0.002588006234114898,0.012758810192714284,0.09740707135105875,0.02178746409780503,0.7720985538671377,0.04579946271163534,0.7283438173590809,1.0328980920877042
FA Women's Super League 2019/2020,women_club,GLM_LOC,none,1885,244,11,1885,217,0.3021483671188093,0.08945997714696931,0.0020125529211403315,0.014419471340874512,0.10186689556670349,0.015699894995957694,0.7836145829879875,0.022240307303901967,0.892269355008425,1.0165726485346243
FA Women's Super League 2019/2020,women_club,GLM_LOC,two_param,1885,244,11,1885,217,0.35444063399484016,0.10150963341924309,0.01406220919341411,0.014419471340874512,0.10186689556670349,0.073613215318304,0.7836145829879875,0.9096628695814241,2.60430383742019,2.283017331146978
FA Women's Super League 2019/2020,women_club,GLM_LOC,intercept,1885,244,11,1885,217,0.3217432393867933,0.0928357683090007,0.005388344083171723,0.014419471340874512,0.10186689556670349,0.05029488844181127,0.7836145829879875,0.7308101787547067,0.8925956667064944,1.761576445519697
FA Women's Super League 2019/2020,women_club,GLM_LOC,shrunk,1885,244,11,1885,217,0.30522660123195183,0.08990815821897565,0.0024607339931466687,0.014419471340874512,0.10186689556670349,0.025040921200775633,0.7836145829879875,0.2450800941740733,0.8493291797187237,1.198434122532841
FA Women's Super League 2019/2020,women_club,GLM_GEO,none,1885,244,11,1885,217,0.28943806381939036,0.08544017969278637,0.0022435746253455374,0.01867029049926265,0.10186689556670349,0.01616337731120252,0.8108112588270396,0.13592501169294735,0.8922299147477629,1.1011732770752498
FA Women's Super League 2019/2020,women_club,GLM_GEO,two_param,1885,244,11,1885,217,0.350019367140753,0.10096839221186155,0.01777178714442071,0.01867029049926265,0.10186689556670349,0.0743801346394511,0.8108112588270396,0.9031370597681956,3.0641791738788164,2.270695379097525
FA Women's Super League 2019/2020,women_club,GLM_GEO,intercept,1885,244,11,1885,217,0.3052571854288162,0.08864562806672184,0.005449022999281003,0.01867029049926265,0.10186689556670349,0.046327750884138666,0.8108112588270396,0.6818629154478693,0.892738508215261,1.6519879845777803
FA Women's Super League 2019/2020,women_club,GLM_GEO,shrunk,1885,244,11,1885,217,0.29071491495518276,0.08572041725679405,0.002523812189353214,0.01867029049926265,0.10186689556670349,0.021081434247012518,0.8108112588270396,0.23743640325668436,0.9064248461149298,1.1860351031944083
FA Women's Super League 2019/2020,women_club,GBM_LOC,none,1885,244,11,1885,217,0.2985273054009815,0.0884428006043345,0.0025141672239405305,0.015938262186309518,0.10186689556670349,0.016114395954220706,0.7924554365724011,0.017855130871226952,0.9173875656607808,1.013308811957726
FA Women's Super League 2019/2020,women_club,GBM_LOC,two_param,1885,244,11,1885,217,0.34882159633856447,0.10072461492398097,0.014795981543586995,0.015938262186309518,0.10186689556670349,0.0704923052645157,0.7924554365724011,0.8941410940049794,2.410135241244461,2.2427369964288175
FA Women's Super League 2019/2020,women_club,GBM_LOC,intercept,1885,244,11,1885,217,0.3192266309958443,0.09250960906913147,0.0065809756887375,0.015938262186309518,0.10186689556670349,0.051194759812903286,0.7924554365724011,0.7509895551114185,0.9192338798327624,1.7972022408038504
FA Women's Super League 2019/2020,women_club,GBM_LOC,shrunk,1885,244,11,1885,217,0.3012372405417625,0.08890839224407757,0.002979758863683596,0.015938262186309518,0.10186689556670349,0.023826137039210195,0.7924554365724011,0.23678483352746219,0.8790726233104563,1.1922694305614105
FA Women's Super League 2019/2020,women_club,GBM_GEO,none,1885,244,11,1885,217,0.28834294152998496,0.08524710292440056,0.0022371229682888877,0.018856915610591815,0.10186689556670349,0.01732006852815167,0.813662434108013,0.11971114616141751,0.8941608657688515,1.0877857336196388
FA Women's Super League 2019/2020,women_club,GBM_GEO,two_param,1885,244,11,1885,217,0.35140260394195,0.10124075429992357,0.0182307743438119,0.018856915610591815,0.10186689556670349,0.07665004935083453,0.813662434108013,0.903940403315483,3.2067183213720467,2.2759683874365515
FA Women's Super League 2019/2020,women_club,GBM_GEO,intercept,1885,244,11,1885,217,0.30372118890351435,0.08822170190498002,0.0052117219488683475,0.018856915610591815,0.10186689556670349,0.04529742172105092,0.813662434108013,0.6704890337350332,0.8941791806239381,1.6325929747999297
FA Women's Super League 2019/2020,women_club,GBM_GEO,shrunk,1885,244,11,1885,217,0.28924150665992604,0.0854121814441279,0.0024022014880162312,0.018856915610591815,0.10186689556670349,0.019869622840593355,0.813662434108013,0.2117293302738694,0.9153349483230094,1.1633666750720266
FA Women's Super League 2020/2021,women_club,GLM_LOC,none,2863,254,40,2863,316,0.29907095649824883,0.08572334090672663,0.0017700036020402016,0.014238035417907066,0.0981913727225935,0.018085345904222196,0.7607560147704175,-0.08897980252741913,0.9115719445022847,0.9348267238624841
FA Women's Super League 2020/2021,women_club,GLM_LOC,two_param,2863,254,40,2863,316,0.30345167275975754,0.08711379917435928,0.003160461869672851,0.014238035417907066,0.0981913727225935,0.031988821867364625,0.7607560147704175,-0.32422563490852024,0.9122206457481183,0.7855944390524908
FA Women's Super League 2020/2021,women_club,GLM_LOC,intercept,2863,254,40,2863,316,0.30345647080103855,0.08711685430356823,0.003163516998881802,0.014238035417907066,0.0981913727225935,0.03198648897577159,0.7607560147704175,-0.3241745644384729,0.9113649517307403,0.7856741769902458
FA Women's Super League 2020/2021,women_club,GLM_LOC,shrunk,2863,254,40,2863,316,0.30100652971400527,0.08629197802322004,0.0023386407185336106,0.014238035417907066,0.0981913727225935,0.025869972083285064,0.7607560147704175,-0.24015539096074562,0.9643483282022772,0.8330517770604594
FA Women's Super League 2020/2021,women_club,GLM_GEO,none,2863,254,40,2863,316,0.2802831601311572,0.08017195453440797,0.0021968702537758095,0.02021628844196134,0.0981913727225935,0.01871160161758301,0.7963675309249403,0.015504416238938628,0.9748418863280602,1.0114231508227778
FA Women's Super League 2020/2021,women_club,GLM_GEO,two_param,2863,254,40,2863,316,0.2825354130244626,0.08078950950404576,0.0028144252234136025,0.02021628844196134,0.0981913727225935,0.02961689975889649,0.7963675309249403,-0.2094005959850847,1.0944668949491614,0.8551791470034422
FA Women's Super League 2020/2021,women_club,GLM_GEO,intercept,2863,254,40,2863,316,0.28179502387286764,0.08067512790963804,0.0027000436290058882,0.02021628844196134,0.0981913727225935,0.025058787305462647,0.7963675309249403,-0.19052753855716079,0.9746169367325971,0.8715495497028574
FA Women's Super League 2020/2021,women_club,GLM_GEO,shrunk,2863,254,40,2863,316,0.2814124878434008,0.0805326533550868,0.0025575690744546464,0.02021628844196134,0.0981913727225935,0.025422322778629765,0.7963675309249403,-0.15379389759118875,1.0600031372380503,0.891992174228409
FA Women's Super League 2020/2021,women_club,GBM_LOC,none,2863,254,40,2863,316,0.2930945802328344,0.08431109634552153,0.0017730901201555987,0.015653366497227567,0.0981913727225935,0.016771377593105034,0.7769465690586592,-0.08842779352115372,0.964471227836661,0.9352602305827507
FA Women's Super League 2020/2021,women_club,GBM_LOC,two_param,2863,254,40,2863,316,0.29780775736728654,0.08556450031124309,0.003026494085877157,0.015653366497227567,0.0981913727225935,0.033776169006917975,0.7769465690586592,-0.33127433950013957,1.0385439214698278,0.778049954379107
FA Women's Super League 2020/2021,women_club,GBM_LOC,intercept,2863,254,40,2863,316,0.297566633005346,0.08570219988531363,0.0031641936599477033,0.015653366497227567,0.0981913727225935,0.03213231743126301,0.7769465690586592,-0.3271213025333443,0.965225204006801,0.7843485804015601
FA Women's Super League 2020/2021,women_club,GBM_LOC,shrunk,2863,254,40,2863,316,0.2958626428320662,0.08500776513046178,0.002469758905095848,0.015653366497227567,0.0981913727225935,0.028169660193572255,0.7769465690586592,-0.2606991090804853,1.0439990131188697,0.819642641748161
FA Women's Super League 2020/2021,women_club,GBM_GEO,none,2863,254,40,2863,316,0.2789665275495413,0.07965860018741713,0.001580576733179656,0.02011334926835602,0.0981913727225935,0.01317882029163423,0.7985716628647255,0.009632354840696569,0.9862304851407703,1.0070671363262536
FA Women's Super League 2020/2021,women_club,GBM_GEO,two_param,2863,254,40,2863,316,0.28247689535528153,0.08052122662167968,0.002443203167442204,0.02011334926835602,0.0981913727225935,0.029787108952561134,0.7985716628647255,-0.2361090790160763,1.159847641943583,0.836624429084899
FA Women's Super League 2020/2021,women_club,GBM_GEO,intercept,2863,254,40,2863,316,0.28089930661499674,0.08030529864582199,0.002227275191584513,0.02011334926835602,0.0981913727225935,0.023490421852187887,0.7985716628647255,-0.21467919498866392,0.986331987212904,0.8570405461187595
FA Women's Super League 2020/2021,women_club,GBM_GEO,shrunk,2863,254,40,2863,316,0.28085947079678225,0.0801854660627113,0.002107442608473828,0.02011334926835602,0.0981913727225935,0.02429077025561774,0.7985716628647255,-0.18604799257526375,1.0945904338242765,0.8704461871891458
FA Women's Super League 2023/2024,women_club,GLM_LOC,none,3172,269,26,3172,373,0.3232338881941538,0.09343610119675551,0.0018667818315751539,0.01219436237717747,0.10376368174235782,0.019109322878830222,0.7302196207569345,-0.03679792632501004,0.8739402687903907,0.9719340853755768
FA Women's Super League 2023/2024,women_club,GLM_LOC,two_param,3172,269,26,3172,373,0.32436952859985535,0.09351998735883879,0.0019506679936584365,0.01219436237717747,0.10376368174235782,0.02088452247611984,0.7302196207569345,0.1913198018322392,0.9170598442134188,1.164419031343042
FA Women's Super League 2023/2024,women_club,GLM_LOC,intercept,3172,269,26,3172,373,0.3247662068683446,0.0934841340120931,0.0019148146469127464,0.01219436237717747,0.10376368174235782,0.021375255419951535,0.7302196207569345,0.19075766116102105,0.8739755818400727,1.1618667566229803
FA Women's Super League 2023/2024,women_club,GLM_LOC,shrunk,3172,269,26,3172,373,0.3241554280698373,0.09339384274408345,0.001824523378903098,0.01219436237717747,0.10376368174235782,0.019723875911319102,0.7302196207569345,0.09383725259651167,0.8350036177975269,1.0751357722386896
FA Women's Super League 2023/2024,women_club,GLM_GEO,none,3172,269,26,3172,373,0.3028407156218284,0.08806859467820127,0.0017645988982603888,0.01745968596241694,0.10376368174235782,0.018248923551549348,0.777391772435004,0.10647917949794478,0.9396501744572155,1.0821486132045723
FA Women's Super League 2023/2024,women_club,GLM_GEO,two_param,3172,269,26,3172,373,0.30328822104594216,0.08810811064844705,0.0018041148685061653,0.01745968596241694,0.10376368174235782,0.01936358892729618,0.777391772435004,0.10384617555987684,0.8918049315375275,1.0785873996812694
FA Women's Super League 2023/2024,women_club,GLM_GEO,intercept,3172,269,26,3172,373,0.30286579352121373,0.08807232962616374,0.0017683338462228526,0.01745968596241694,0.10376368174235782,0.01831777678903828,0.777391772435004,0.10925352659284968,0.9396546424253379,1.0843941529259302
FA Women's Super League 2023/2024,women_club,GLM_GEO,shrunk,3172,269,26,3172,373,0.3030322105043961,0.08808787047103117,0.001783874691090287,0.01745968596241694,0.10376368174235782,0.01876622392236327,0.777391772435004,0.11923875794262948,0.929691278130274,1.0921897383045258
FA Women's Super League 2023/2024,women_club,GBM_LOC,none,3172,269,26,3172,373,0.31991799886899114,0.09288648439004489,0.0018235014016676487,0.012700698753980583,0.10376368174235782,0.017024514605464294,0.7391791591596769,-0.04547739312063806,0.8856749726140493,0.9656809598740965
FA Women's Super League 2023/2024,women_club,GBM_LOC,two_param,3172,269,26,3172,373,0.32095955939428866,0.09320117693715439,0.0021381939487771506,0.012700698753980583,0.10376368174235782,0.019521788249617335,0.7391791591596769,0.19514822681838173,1.0253187807283408,1.1707735935252972
FA Women's Super League 2023/2024,women_club,GBM_LOC,intercept,3172,269,26,3172,373,0.3214503012429803,0.09293468767796223,0.0018717046895849881,0.012700698753980583,0.10376368174235782,0.020468437470001405,0.7391791591596769,0.1933236820679425,0.8855902869873401,1.1631341606231538
FA Women's Super League 2023/2024,women_club,GBM_LOC,shrunk,3172,269,26,3172,373,0.32044185964928423,0.09279730007132161,0.0017343170829443727,0.012700698753980583,0.10376368174235782,0.017575063910636637,0.7391791591596769,0.07369454510197179,0.8577214394684909,1.0582650891845378
FA Women's Super League 2023/2024,women_club,GBM_GEO,none,3172,269,26,3172,373,0.29864458484756756,0.08704879504301302,0.002031552730699715,0.018746439430044518,0.10376368174235782,0.01760117313602991,0.7867775450251765,0.09956339912496945,0.9654324906988638,1.0759996605630098
FA Women's Super League 2023/2024,women_club,GBM_GEO,two_param,3172,269,26,3172,373,0.29834996422428234,0.08703293583477811,0.0020156935224648065,0.018746439430044518,0.10376368174235782,0.016238155438520033,0.7867775450251765,0.061173166476008185,1.023987270929572,1.0468524124134575
FA Women's Super League 2023/2024,women_club,GBM_GEO,intercept,3172,269,26,3172,373,0.29834121525537366,0.08700538443713887,0.001988142124825565,0.018746439430044518,0.10376368174235782,0.016671824779054954,0.7867775450251765,0.05181782667511075,0.9653356239105226,1.038721091132216
FA Women's Super League 2023/2024,women_club,GBM_GEO,shrunk,3172,269,26,3172,373,0.2983163985002992,0.08700496306242052,0.001987720750107211,0.018746439430044518,0.10376368174235782,0.01643825589734989,0.7867775450251765,0.05877629898228949,0.9872379627398035,1.0444114916699534
FIFA World Cup 2018,men_intl,GLM_LOC,none,1325,231,13,1325,116,0.25723645562658887,0.07120275478596448,0.0034114802072925804,0.012091388290676616,0.07988266286934852,0.026067437247418904,0.7684250306608482,-0.22645385945460483,0.8521626041354873,0.8416448298157834
FIFA World Cup 2018,men_intl,GLM_LOC,two_param,1325,231,13,1325,116,0.26027548314368376,0.07198997072438436,0.004198696145712458,0.012091388290676616,0.07988266286934852,0.02748683430787936,0.7684250306608482,0.41429683022067504,1.09465300671102,1.4176288613087524
FIFA World Cup 2018,men_intl,GLM_LOC,intercept,1325,231,13,1325,116,0.2604862958446431,0.07129273310150626,0.003501458522834358,0.012091388290676616,0.07988266286934852,0.026493204315981404,0.7684250306608482,0.40485391930578674,0.8523552508101903,1.376463224172029
FIFA World Cup 2018,men_intl,GLM_LOC,shrunk,1325,231,13,1325,116,0.25661876127531336,0.07078679294161487,0.00299551836294297,0.012091388290676616,0.07988266286934852,0.02027091983741595,0.7684250306608482,0.00726709468512704,0.7948880416896318,1.0054993937520098
FIFA World Cup 2018,men_intl,GLM_GEO,none,1325,231,13,1325,116,0.24674081709810466,0.06730801471338528,0.003099133637898807,0.015673781793862043,0.07988266286934852,0.02473078425059633,0.7824149339722198,-0.22386704772549393,0.8486783078334099,0.8502096940674088
FIFA World Cup 2018,men_intl,GLM_GEO,two_param,1325,231,13,1325,116,0.24984340211694483,0.06878307911416578,0.004574198038679311,0.015673781793862043,0.07988266286934852,0.029379256307973008,0.7824149339722198,0.37191956111632085,1.2275509609463027,1.3629702591636534
FIFA World Cup 2018,men_intl,GLM_GEO,intercept,1325,231,13,1325,116,0.2481190192940596,0.06691352832234664,0.0027046472468601618,0.015673781793862043,0.07988266286934852,0.022044972569264947,0.7824149339722198,0.319360820818502,0.8484026889535963,1.2689742097595995
FIFA World Cup 2018,men_intl,GLM_GEO,shrunk,1325,231,13,1325,116,0.24582169852297722,0.06680659875819622,0.0025977176827097492,0.015673781793862043,0.07988266286934852,0.0190534865539423,0.7824149339722198,-0.057481071656707385,0.8175013923202757,0.9593681189665738
FIFA World Cup 2018,men_intl,GBM_LOC,none,1325,231,13,1325,116,0.25008681251278436,0.06954585463618092,0.002833384329015795,0.013170192562183394,0.07988266286934852,0.023062756325224004,0.7841618892786857,-0.19698751454867225,0.9320133343062836,0.8592094251708977
FIFA World Cup 2018,men_intl,GBM_LOC,two_param,1325,231,13,1325,116,0.25492198624655654,0.07125702962043176,0.004544559313266638,0.013170192562183394,0.07988266286934852,0.02827825699692304,0.7841618892786857,0.4185598525015095,1.149989155035086,1.4236416274294534
FIFA World Cup 2018,men_intl,GBM_LOC,intercept,1325,231,13,1325,116,0.2539457359827514,0.07027238800300394,0.003559917695838813,0.013170192562183394,0.07988266286934852,0.026474734812386883,0.7841618892786857,0.40935316823460327,0.9317246865251334,1.388175008163306
FIFA World Cup 2018,men_intl,GBM_LOC,shrunk,1325,231,13,1325,116,0.24942938349319574,0.0692068953460396,0.0024944250388744815,0.013170192562183394,0.07988266286934852,0.019280582211141335,0.7841618892786857,0.03402981577602475,0.8661116468819482,1.0263860647981182
FIFA World Cup 2018,men_intl,GBM_GEO,none,1325,231,13,1325,116,0.24140020356343586,0.06641688458876803,0.002736426937525266,0.016202205218105753,0.07988266286934852,0.01932665854911183,0.7917130144605117,-0.17839167026687883,0.9356984457396916,0.8763943380117165
FIFA World Cup 2018,men_intl,GBM_GEO,two_param,1325,231,13,1325,116,0.24595205846876123,0.06821110602057498,0.004530648369332216,0.016202205218105753,0.07988266286934852,0.026539886286619036,0.7917130144605117,0.3758051336163396,1.1928926280294032,1.363580169276439
FIFA World Cup 2018,men_intl,GBM_GEO,intercept,1325,231,13,1325,116,0.24393692773980144,0.06670449649366747,0.003024038842424706,0.016202205218105753,0.07988266286934852,0.02165959530313312,0.7917130144605117,0.3445227106777099,0.9356784228155318,1.3009340482698326
FIFA World Cup 2018,men_intl,GBM_GEO,shrunk,1325,231,13,1325,116,0.2408470985396098,0.06609009768322897,0.00240964003198621,0.016202205218105753,0.07988266286934852,0.01451526005145509,0.7917130144605117,0.008777621839760101,0.8852339011118432,1.0064508146651483
FIFA World Cup 2022,men_intl,GLM_LOC,none,1184,198,20,1184,130,0.28188976076508704,0.08180716358435301,0.002954677744422096,0.018889364963575295,0.09774185080350621,0.01966448369880786,0.8009049773755657,0.05791997863018296,1.114908111387382,1.0456330078705875
FIFA World Cup 2022,men_intl,GLM_LOC,two_param,1184,198,20,1184,130,0.283391626515432,0.08198388610798513,0.0031314002680542102,0.018889364963575295,0.09774185080350621,0.018899133173630008,0.8009049773755657,-0.027801495214824935,0.8220675057851499,0.9810811218903687
FIFA World Cup 2022,men_intl,GLM_LOC,intercept,1184,198,20,1184,130,0.2817503480049714,0.08168959228391129,0.0028371064439803723,0.018889364963575295,0.09774185080350621,0.01997554769847564,0.8009049773755657,0.0021776146027026855,1.1145785894433433,1.0016723012583106
FIFA World Cup 2022,men_intl,GLM_LOC,shrunk,1184,198,20,1184,130,0.281764369611731,0.08177345226934467,0.0029209664294137516,0.018889364963575295,0.09774185080350621,0.01884583582392712,0.8009049773755657,0.08198172754742665,1.0804899248744264,1.0647026407961235
FIFA World Cup 2022,men_intl,GLM_GEO,none,1184,198,20,1184,130,0.26582817488143684,0.0773731279643387,0.0040274833584030695,0.024396206197570575,0.09774185080350621,0.02386113019101363,0.8300321121004233,0.12134083235245201,1.1074842267159557,1.0938895253228444
FIFA World Cup 2022,men_intl,GLM_GEO,two_param,1184,198,20,1184,130,0.26494200088428477,0.07697713070097076,0.003631486095035122,0.024396206197570575,0.09774185080350621,0.022434666200875347,0.8300321121004233,0.041561049227284395,1.0596333267965987,1.0305275994541596
FIFA World Cup 2022,men_intl,GLM_GEO,intercept,1184,198,20,1184,130,0.2653230390633308,0.07713571593190466,0.0037900713259690216,0.024396206197570575,0.09774185080350621,0.023487853015557326,0.8300321121004233,0.04289945915424994,1.107350633156743,1.0320405563391861
FIFA World Cup 2022,men_intl,GLM_GEO,shrunk,1184,198,20,1184,130,0.26565581798517063,0.07730035373617143,0.003954709130235795,0.024396206197570575,0.09774185080350621,0.02374606801762752,0.8300321121004233,0.09172428575944987,1.1148395128738366,1.0701948711714848
FIFA World Cup 2022,men_intl,GBM_LOC,none,1184,198,20,1184,130,0.28443508105259446,0.08272367419096717,0.002951841025878893,0.017970017638417934,0.09774185080350621,0.01881241007067073,0.794708801634798,0.06301663275195,1.0332338402524792,1.0492249279941808
FIFA World Cup 2022,men_intl,GBM_LOC,two_param,1184,198,20,1184,130,0.28572389063963466,0.083015293397261,0.003243460232172729,0.017970017638417934,0.09774185080350621,0.02088516719379786,0.794708801634798,-0.016004185213532043,0.8486048920271594,0.9887437522747102
FIFA World Cup 2022,men_intl,GBM_LOC,intercept,1184,198,20,1184,130,0.28427214912732474,0.08265621620262087,0.0028843830375325924,0.017970017638417934,0.09774185080350621,0.018081701362356817,0.794708801634798,0.00317462691464117,1.0328549566103786,1.0024126539577993
FIFA World Cup 2022,men_intl,GBM_LOC,shrunk,1184,198,20,1184,130,0.28443207075937316,0.08270940311427982,0.002937569949191546,0.017970017638417934,0.09774185080350621,0.01879722219083599,0.794708801634798,0.07046677551135476,1.0137466097138452,1.0548976993162
FIFA World Cup 2022,men_intl,GBM_GEO,none,1184,198,20,1184,130,0.26293902801835617,0.07674504235887346,0.003730564136805531,0.024727372581438284,0.09774185080350621,0.02637897075931287,0.8351408553495842,0.1151739799594986,1.098903947011725,1.0874957924217878
FIFA World Cup 2022,men_intl,GBM_GEO,two_param,1184,198,20,1184,130,0.26303675690145967,0.07675244982586132,0.003737971603793397,0.024727372581438284,0.09774185080350621,0.02658101969647013,0.8351408553495842,0.07801758144863592,1.1333409875974902,1.0589945328102086
FIFA World Cup 2022,men_intl,GBM_GEO,intercept,1184,198,20,1184,130,0.2626644645174279,0.07663122059565544,0.0036167423735875143,0.024727372581438284,0.09774185080350621,0.02575216817046459,0.8351408553495842,0.07836435193640165,1.0996167189299288,1.0585623852141512
FIFA World Cup 2022,men_intl,GBM_GEO,shrunk,1184,198,20,1184,130,0.26288519439130764,0.07671175038103303,0.0036972721589651064,0.024727372581438284,0.09774185080350621,0.026263095570500626,0.8351408553495842,0.08687342296936286,1.1155495171814431,1.0655428022330158
Frauen Bundesliga 2023/2024,women_club,GLM_LOC,none,2904,248,43,2904,324,0.29014562103725616,0.08406633742325656,0.0016313001163531793,0.016687290402952498,0.09912232770985588,0.015353419278109634,0.7921858551057518,0.012461180241024945,1.043624663902022,1.0096026071610593
Frauen Bundesliga 2023/2024,women_club,GLM_LOC,two_param,2904,248,43,2904,324,0.31032208687161444,0.09074610921244594,0.00831107190554256,0.016687290402952498,0.09912232770985588,0.06378799886229247,0.7921858551057518,-0.6510845288744391,0.8757688070986482,0.6388154610159258
Frauen Bundesliga 2023/2024,women_club,GLM_LOC,intercept,2904,248,43,2904,324,0.3081463610957607,0.08906396493747022,0.0066289276305668415,0.016687290402952498,0.09912232770985588,0.06268341016777897,0.7921858551057518,-0.6102750684473781,1.043918517531878,0.6407517364639862
Frauen Bundesliga 2023/2024,women_club,GLM_LOC,shrunk,2904,248,43,2904,324,0.29753887179489275,0.08547077804868838,0.0030357407417850035,0.016687290402952498,0.09912232770985588,0.038410184943326146,0.7921858551057518,-0.363138010965137,1.1871218834876178,0.7563048957567295
Frauen Bundesliga 2023/2024,women_club,GLM_GEO,none,2904,248,43,2904,324,0.27077050498944333,0.07773450721193113,0.0013541553197822936,0.02274197581770704,0.09912232770985588,0.011982159727048787,0.818324720068906,0.04216587025478654,1.0200443806992163,1.0306397134065015
Frauen Bundesliga 2023/2024,women_club,GLM_GEO,two_param,2904,248,43,2904,324,0.29233292318404064,0.08252456010221028,0.006144208210061439,0.02274197581770704,0.09912232770985588,0.06557795154252143,0.818324720068906,-0.5724721741885264,1.4166542609319643,0.6498915847780774
Frauen Bundesliga 2023/2024,women_club,GLM_GEO,intercept,2904,248,43,2904,324,0.28919262467160706,0.08368765806219927,0.007307306170050432,0.02274197581770704,0.09912232770985588,0.06197480720502924,0.818324720068906,-0.6421664135771189,1.0201933290677998,0.6467959056917038
Frauen Bundesliga 2023/2024,women_club,GLM_GEO,shrunk,2904,248,43,2904,324,0.2845114485234332,0.08067626050615967,0.004295908614010829,0.02274197581770704,0.09912232770985588,0.05145320701148595,0.818324720068906,-0.4575123693712192,1.3357305341627799,0.7098421286640442
Frauen Bundesliga 2023/2024,women_club,GBM_LOC,none,2904,248,43,2904,324,0.2880091854137914,0.08364797610233339,0.0017024558076164376,0.017176807415138926,0.09912232770985588,0.013355305438993912,0.7933845344052063,0.011502552317853347,1.040164600427961,1.0088080963179211
Frauen Bundesliga 2023/2024,women_club,GBM_LOC,two_param,2904,248,43,2904,324,0.30756141226040473,0.09052517730654203,0.008579657011825073,0.017176807415138926,0.09912232770985588,0.06171097213992836,0.7933845344052063,-0.6419635508018816,0.8673573430903133,0.6458878824108825
Frauen Bundesliga 2023/2024,women_club,GBM_LOC,intercept,2904,248,43,2904,324,0.30534863729736106,0.08867956891441642,0.006734048619699465,0.017176807415138926,0.09912232770985588,0.061231009493498086,0.7933845344052063,-0.6017929010939868,1.040420822264331,0.6465313799694986
Frauen Bundesliga 2023/2024,women_club,GBM_LOC,shrunk,2904,248,43,2904,324,0.2948690374890235,0.08499945946204351,0.003053939167326561,0.017176807415138926,0.09912232770985588,0.03784993180037571,0.7933845344052063,-0.35218580056453724,1.1734724173941822,0.7640267234430947
Frauen Bundesliga 2023/2024,women_club,GBM_GEO,none,2904,248,43,2904,324,0.26678032866027285,0.0762031030487459,0.001754326483403651,0.024673551144513625,0.09912232770985588,0.016471626168181954,0.8222042779213321,0.05356337167145727,1.0497485488240004,1.0389290387156183
Frauen Bundesliga 2023/2024,women_club,GBM_GEO,two_param,2904,248,43,2904,324,0.2884704692898123,0.08102330242044203,0.00657452585509978,0.024673551144513625,0.09912232770985588,0.06674627493265066,0.8222042779213321,-0.5720863919610627,1.4175896768926077,0.651909971606088
Frauen Bundesliga 2023/2024,women_club,GBM_GEO,intercept,2904,248,43,2904,324,0.28453951581703735,0.0818314811627464,0.007382704597404144,0.024673551144513625,0.09912232770985588,0.06121123046447396,0.8222042779213321,-0.6337356763043644,1.0501189676501266,0.6518179386431268
Frauen Bundesliga 2023/2024,women_club,GBM_GEO,shrunk,2904,248,43,2904,324,0.28060825490677654,0.0791143284881477,0.004665551922805447,0.024673551144513625,0.09912232770985588,0.0532859521531747,0.8222042779213321,-0.4438930254799272,1.3651268883397847,0.7173355077439523
Indian Super league 2021/2022,men_club,GLM_LOC,none,2673,208,27,2673,271,0.2861123701108546,0.08000302394020448,0.0018429776767757144,0.01294540768859792,0.09110545395202668,0.019994676485486515,0.7463307022745499,0.10202049978744958,0.8505175605882455,1.0817408161416429
Indian Super league 2021/2022,men_club,GLM_LOC,two_param,2673,208,27,2673,271,0.28988936274550314,0.08178726015584267,0.003627213892413911,0.01294540768859792,0.09110545395202668,0.033335874390207104,0.7463307022745499,-0.3442526674123281,0.9310293902446086,0.7682418021275081
Indian Super league 2021/2022,men_club,GLM_LOC,intercept,2673,208,27,2673,271,0.29104365540389887,0.08239376594892273,0.004233719685493964,0.01294540768859792,0.09110545395202668,0.03382077439755884,0.7463307022745499,-0.3571114037783225,0.8503039131483827,0.7662429746586746
Indian Super league 2021/2022,men_club,GLM_LOC,shrunk,2673,208,27,2673,271,0.28646069648809547,0.08061765287647175,0.0024576066130429924,0.01294540768859792,0.09110545395202668,0.023626632348358878,0.7463307022745499,-0.2079524306575893,0.9725259424776799,0.8498607246965268
Indian Super league 2021/2022,men_club,GLM_GEO,none,2673,208,27,2673,271,0.27404193072038174,0.07708619813140655,0.001993473771563503,0.01601272959218364,0.09110545395202668,0.020005358029708754,0.7818023725616107,0.12401486406852891,0.8411214357502871,1.0945110424827127
Indian Super league 2021/2022,men_club,GLM_GEO,two_param,2673,208,27,2673,271,0.27596704863331906,0.07840264449522806,0.0033099201353850166,0.01601272959218364,0.09110545395202668,0.030361978451297574,0.7818023725616107,-0.30966088703265754,0.9645966889724806,0.7948762818729017
Indian Super league 2021/2022,men_club,GLM_GEO,intercept,2673,208,27,2673,271,0.2775066737043273,0.0793102444107438,0.004217520050900758,0.01601272959218364,0.09110545395202668,0.031650211563858326,0.7818023725616107,-0.3209167971397038,0.8408683299957113,0.7971801291541804
Indian Super league 2021/2022,men_club,GLM_GEO,shrunk,2673,208,27,2673,271,0.27331453271248873,0.07751383528759855,0.0024211109277555015,0.01601272959218364,0.09110545395202668,0.022574410125126003,0.7818023725616107,-0.17876274624780378,0.9640332963371949,0.8747797356691068
Indian Super league 2021/2022,men_club,GBM_LOC,none,2673,208,27,2673,271,0.2865862722528187,0.07955748187429158,0.0019471506560804902,0.01349512273381559,0.09110545395202668,0.023347027948983235,0.744102393147162,0.10625473554082422,0.826115584040649,1.0845086777822568
Indian Super league 2021/2022,men_club,GBM_LOC,two_param,2673,208,27,2673,271,0.29179467259122605,0.08244485207030045,0.004834520852089352,0.01349512273381559,0.09110545395202668,0.03734782808008363,0.744102393147162,-0.36880105406515035,0.8256973475776541,0.7620465462840329
Indian Super league 2021/2022,men_club,GBM_LOC,intercept,2673,208,27,2673,271,0.2917906097898896,0.08244304916277587,0.004832717944564774,0.01349512273381559,0.09110545395202668,0.03734463250170176,0.744102393147162,-0.36876659889133817,0.8258485803826084,0.7620527163188096
Indian Super league 2021/2022,men_club,GBM_LOC,shrunk,2673,208,27,2673,271,0.28627913135022853,0.08026259163187259,0.0026522604136614975,0.01349512273381559,0.09110545395202668,0.02588053747388507,0.744102393147162,-0.19313679915232115,0.9344347078160901,0.8609510438555568
Indian Super league 2021/2022,men_club,GBM_GEO,none,2673,208,27,2673,271,0.27307199147372113,0.07683520671628069,0.002088057328124046,0.016358304563870038,0.09110545395202668,0.022781454572757428,0.7843771027219016,0.13557691461331614,0.832669751897304,1.102062204400218
Indian Super league 2021/2022,men_club,GBM_GEO,two_param,2673,208,27,2673,271,0.27517375019243967,0.07782642245872043,0.0030792730705637844,0.016358304563870038,0.09110545395202668,0.031770356971335935,0.7843771027219016,-0.3203803391505002,1.0717520399430664,0.7839364356185354
Indian Super league 2021/2022,men_club,GBM_GEO,intercept,2673,208,27,2673,271,0.27710947549117254,0.07950356364376306,0.0047564142556064115,0.016358304563870038,0.09110545395202668,0.03181024024913215,0.7843771027219016,-0.3487372228966331,0.8324786896096098,0.7851470155347232
Indian Super league 2021/2022,men_club,GBM_GEO,shrunk,2673,208,27,2673,271,0.2725347026649941,0.07731356462243928,0.0025664152342826374,0.016358304563870038,0.09110545395202668,0.02314890185761246,0.7843771027219016,-0.21732412445175397,0.9896981160603554,0.8501938091008295
La Liga 2015/2016,men_club,GLM_LOC,none,8440,221,9,8440,907,0.2792504376924002,0.08133711591235308,0.0011267180498241297,0.015705448030420427,0.09591584589294938,0.016811433526355,0.8021864399362395,0.11202896084136184,1.1182179514114738,1.091235330510693
La Liga 2015/2016,men_club,GLM_LOC,two_param,8440,221,9,8440,907,0.32717609390066715,0.0875332442715001,0.007322846408971143,0.015705448030420427,0.09591584589294938,0.06371406518719731,0.8021864399362395,1.2433024389138425,0.7572027602613635,2.4539298475521125
La Liga 2015/2016,men_club,GLM_LOC,intercept,8440,221,9,8440,907,0.3161444734125974,0.08903474046265093,0.008824342600121979,0.015705448030420427,0.09591584589294938,0.062707153771801,0.8021864399362395,1.0615602118043954,1.1184344394727785,2.3973028237289906
La Liga 2015/2016,men_club,GLM_LOC,shrunk,8440,221,9,8440,907,0.2921771247864499,0.08366383259970644,0.003453434737177491,0.015705448030420427,0.09591584589294938,0.04066696895916887,0.8021864399362395,0.6279484200585448,0.9150646540762363,1.607227606642371
La Liga 2015/2016,men_club,GLM_GEO,none,8440,221,9,8440,907,0.2605075861409136,0.07565855191842469,0.000831699213897738,0.02108899318842243,0.09591584589294938,0.010497735786898011,0.831942247203082,0.021136915971828655,1.070372828976784,1.0153786125517197
La Liga 2015/2016,men_club,GLM_GEO,two_param,8440,221,9,8440,907,0.32386836432749977,0.08363073172619573,0.008803879021668778,0.02108899318842243,0.09591584589294938,0.06656009180831939,0.831942247203082,1.4891918339658212,0.7169229968178539,2.6186652850130234
La Liga 2015/2016,men_club,GLM_GEO,intercept,8440,221,9,8440,907,0.30377272326566096,0.08514317239876265,0.010316319694235701,0.02108899318842243,0.09591584589294938,0.06469116884491566,0.831942247203082,1.187131370398108,1.0703464937373728,2.503030224125797
La Liga 2015/2016,men_club,GLM_GEO,shrunk,8440,221,9,8440,907,0.2715808822426418,0.07744196216319137,0.0026151094586644164,0.02108899318842243,0.09591584589294938,0.03444531735340903,0.831942247203082,0.5595073327927119,0.864373689032409,1.464609964863065
La Liga 2015/2016,men_club,GBM_LOC,none,8440,221,9,8440,907,0.2767239132140774,0.0808101786739808,0.001150418614463064,0.016256085833431647,0.09591584589294938,0.017191177484507634,0.8082132845542093,0.11850697522496473,1.1269488034839603,1.0965875421526423
La Liga 2015/2016,men_club,GBM_LOC,two_param,8440,221,9,8440,907,0.32591952544801706,0.08727518413814897,0.007615424078631236,0.016256085833431647,0.09591584589294938,0.06494624385830736,0.8082132845542093,1.2696439838583395,0.7714592662542953,2.5239908154381365
La Liga 2015/2016,men_club,GBM_LOC,intercept,8440,221,9,8440,907,0.31450029940999324,0.08892019558856437,0.009260435529046637,0.016256085833431647,0.09591584589294938,0.06357056414442795,0.8082132845542093,1.0762652560883506,1.1269388969815048,2.4337056071140983
La Liga 2015/2016,men_club,GBM_LOC,shrunk,8440,221,9,8440,907,0.28940585622741455,0.08307527246921076,0.003415512409693025,0.016256085833431647,0.09591584589294938,0.04083938778649195,0.8082132845542093,0.6284021128674284,0.924166200817491,1.6075810025150319
La Liga 2015/2016,men_club,GBM_GEO,none,8440,221,9,8440,907,0.25885368384303076,0.07506919337696373,0.0008126358021091629,0.021659288318094813,0.09591584589294938,0.010265732094572986,0.834658996190375,0.008224510082319326,1.077996471403751,1.0059266363883093
La Liga 2015/2016,men_club,GBM_GEO,two_param,8440,221,9,8440,907,0.3219273052499673,0.08207059289917573,0.007814035324321164,0.021659288318094813,0.09591584589294938,0.0646605007928617,0.834658996190375,1.4729901125449252,0.693659215998045,2.5059925012860518
La Liga 2015/2016,men_club,GBM_GEO,intercept,8440,221,9,8440,907,0.29962288230750694,0.08422833501235112,0.009971777437496554,0.021659288318094813,0.09591584589294938,0.0638382122821757,0.834658996190375,1.1475183431444298,1.078173152677706,2.4324589520397897
La Liga 2015/2016,men_club,GBM_GEO,shrunk,8440,221,9,8440,907,0.26912867001422475,0.07655808002793565,0.002301522453081087,0.021659288318094813,0.09591584589294938,0.033407791781306255,0.834658996190375,0.5393910737285902,0.8669171949533032,1.4376711485508091
Liga F 2023/2024,women_club,GLM_LOC,none,5696,242,25,5696,661,0.30075259747866473,0.08735754399807365,0.0013218820955398503,0.016543931454917907,0.1025795933574517,0.01509512551380929,0.7874162256038291,0.14854905072884197,0.9910710927699397,1.1201640989223962
Liga F 2023/2024,women_club,GLM_LOC,two_param,5696,242,25,5696,661,0.30121434436663513,0.0875721003916826,0.0015364384891488059,0.016543931454917907,0.1025795933574517,0.01557754818787983,0.7874162256038291,-0.12296637671442069,0.883198493658094,0.9150198297424058
Liga F 2023/2024,women_club,GLM_LOC,intercept,5696,242,25,5696,661,0.30021442297620754,0.08720865629392721,0.0011729943913934143,0.016543931454917907,0.1025795933574517,0.014769620112209088,0.7874162256038291,-0.09469544202180422,0.9908366805393192,0.9314632016219944
Liga F 2023/2024,women_club,GLM_LOC,shrunk,5696,242,25,5696,661,0.29988628081292323,0.08715522445491454,0.0011195625523807429,0.016543931454917907,0.1025795933574517,0.012421922717827332,0.7874162256038291,0.033588165214987704,1.0246409249844206,1.026005200719793
Liga F 2023/2024,women_club,GLM_GEO,none,5696,242,25,5696,661,0.2817412217206112,0.0826478742140132,0.001588281025071317,0.021520000168509815,0.1025795933574517,0.017654005930160914,0.8251522248947234,0.1845584366120046,1.0111658507466952,1.142712218958189
Liga F 2023/2024,women_club,GLM_GEO,two_param,5696,242,25,5696,661,0.28183888854067324,0.08274324356964945,0.0016836503807075576,0.021520000168509815,0.1025795933574517,0.015487549002905138,0.8251522248947234,-0.11379364139716237,0.8821888929801954,0.9266460521553407
Liga F 2023/2024,women_club,GLM_GEO,intercept,5696,242,25,5696,661,0.2806906815242558,0.08227915847253296,0.001219565283591073,0.021520000168509815,0.1025795933574517,0.013148094588459384,0.8251522248947234,-0.08595179512289539,1.0104901528613042,0.940949790093466
Liga F 2023/2024,women_club,GLM_GEO,shrunk,5696,242,25,5696,661,0.2806780028367391,0.08234543248941473,0.001285839300472838,0.021520000168509815,0.1025795933574517,0.01361688627900959,0.8251522248947234,0.07707084202939886,1.0336767437172822,1.0572976573533979
Liga F 2023/2024,women_club,GBM_LOC,none,5696,242,25,5696,661,0.2939719944665537,0.08640142675064177,0.0012275121308065462,0.017405678737616476,0.1025795933574517,0.01547220085834151,0.7993469315397362,0.13501768415774168,1.054563286918255,1.1084613694817524
Liga F 2023/2024,women_club,GBM_LOC,two_param,5696,242,25,5696,661,0.29632931395719087,0.08747559095802439,0.0023016763381891597,0.017405678737616476,0.1025795933574517,0.02259018179255531,0.7993469315397362,-0.17437869520374255,0.829473659660837,0.8875623404724817
Liga F 2023/2024,women_club,GBM_LOC,intercept,5696,242,25,5696,661,0.29366657304325605,0.08621248360104217,0.0010385689812069387,0.017405678737616476,0.1025795933574517,0.014245072681327218,0.7993469315397362,-0.10274321388871127,1.0540093363865701,0.9260106426461878
Liga F 2023/2024,women_club,GBM_LOC,shrunk,5696,242,25,5696,661,0.2933538141168994,0.08619790043297003,0.0010239858131348006,0.017405678737616476,0.1025795933574517,0.012650867954765171,0.7993469315397362,0.05447984626202869,1.0596846389574144,1.042220918680737
Liga F 2023/2024,women_club,GBM_GEO,none,5696,242,25,5696,661,0.27618691451961624,0.08144049200339257,0.0014236449104250148,0.02256274626448415,0.1025795933574517,0.017503579047002903,0.8320693120922078,0.1681111049407631,1.0583854178733296,1.1282956280830476
Liga F 2023/2024,women_club,GBM_GEO,two_param,5696,242,25,5696,661,0.2759995425108944,0.08160385938042557,0.0015870122874580145,0.02256274626448415,0.1025795933574517,0.01574503362993625,0.8320693120922078,-0.09727609139247088,0.8983241812390603,0.9383671320089045
Liga F 2023/2024,women_club,GBM_GEO,intercept,5696,242,25,5696,661,0.27525119010807697,0.08104111830289928,0.001024271209931732,0.02256274626448415,0.1025795933574517,0.01246218539586908,0.8320693120922078,-0.06772828609850612,1.0578707891557495,0.953361918612777
Liga F 2023/2024,women_club,GBM_GEO,shrunk,5696,242,25,5696,661,0.2754359489687966,0.08119096093823663,0.0011741138452690814,0.02256274626448415,0.1025795933574517,0.013935361431142544,0.8320693120922078,0.09196777570204276,1.0626351846138347,1.0679954941932088
Ligue 1 2015/2016,men_club,GLM_LOC,none,8043,217,14,8043,811,0.27439810451551455,0.07827113294127744,0.0010326802391929096,0.013427271374655839,0.09066572407674037,0.013166263815244066,0.7825254145161115,0.14791702566596027,1.051612333025209,1.1248762933367151
Ligue 1 2015/2016,men_club,GLM_LOC,two_param,8043,217,14,8043,811,0.28341407524009454,0.08065886848961053,0.003420415787525999,0.013427271374655839,0.09066572407674037,0.03505163106694704,0.7825254145161115,0.5144147556387453,1.1125541832940484,1.528954346588823
Ligue 1 2015/2016,men_club,GLM_LOC,intercept,8043,217,14,8043,811,0.28320154629100064,0.0803445069585976,0.0031060542565130717,0.013427271374655839,0.09066572407674037,0.03499248057535785,0.7825254145161115,0.5214971033189278,1.0515377034425528,1.5293471119081972
Ligue 1 2015/2016,men_club,GLM_LOC,shrunk,8043,217,14,8043,811,0.2774796404073634,0.0788363107413589,0.001597858039274369,0.013427271374655839,0.09066572407674037,0.023440838610630982,0.7825254145161115,0.33243864974337956,0.9882179523497415,1.3011623097497838
Ligue 1 2015/2016,men_club,GLM_GEO,none,8043,217,14,8043,811,0.2570468617923176,0.07305569321013804,0.0010206323676493767,0.018630663234251707,0.09066572407674037,0.012989982953449409,0.8150692428772518,-0.024924516009564645,1.061415070823055,0.9815401648327774
Ligue 1 2015/2016,men_club,GLM_GEO,two_param,8043,217,14,8043,811,0.2649410613220773,0.07550158936558232,0.003466528523093662,0.018630663234251707,0.09066572407674037,0.03108639029675916,0.8150692428772518,0.471944657323881,1.0943423310477478,1.4448561299719638
Ligue 1 2015/2016,men_club,GLM_GEO,intercept,8043,217,14,8043,811,0.2647421929617601,0.07528029656304144,0.003245235720552783,0.018630663234251707,0.09066572407674037,0.030981094100140664,0.8150692428772518,0.47463054403300725,1.061527782744477,1.4427754559114483
Ligue 1 2015/2016,men_club,GLM_GEO,shrunk,8043,217,14,8043,811,0.25826996739667624,0.07326028008948214,0.0012252192469934808,0.018630663234251707,0.09066572407674037,0.015262184653612076,0.8150692428772518,0.1989801673473446,0.9799814303500474,1.158167742241104
Ligue 1 2015/2016,men_club,GBM_LOC,none,8043,217,14,8043,811,0.27412778161835794,0.07807654905228853,0.0010917537641841335,0.013680928788635971,0.09066572407674037,0.014566176397226058,0.7814480340833452,0.13749187859548873,1.019970506840252,1.114658811652471
Ligue 1 2015/2016,men_club,GBM_LOC,two_param,8043,217,14,8043,811,0.28314707633998903,0.08059823861537387,0.0036134433272694694,0.013680928788635971,0.09066572407674037,0.036006672235888645,0.7814480340833452,0.5046804332756797,1.1244113609411657,1.5191150055298146
Ligue 1 2015/2016,men_club,GBM_LOC,intercept,8043,217,14,8043,811,0.2828566252826222,0.08003159792386336,0.0030468026357589606,0.013680928788635971,0.09066572407674037,0.03549583532248484,0.7814480340833452,0.5174688448869195,1.0201100493807824,1.5204949523025917
Ligue 1 2015/2016,men_club,GBM_LOC,shrunk,8043,217,14,8043,811,0.27692079826959876,0.07853032800460856,0.0015455327165041638,0.013680928788635971,0.09066572407674037,0.023313474405256267,0.7814480340833452,0.30927086831256584,0.9660618210270867,1.2754877593191114
Ligue 1 2015/2016,men_club,GBM_GEO,none,8043,217,14,8043,811,0.25490651421201266,0.07248171434821869,0.0009394505672064152,0.01912346029572809,0.09066572407674037,0.009976302637452467,0.8180335309298037,-0.014555113464441383,1.0488233214513794,0.9893151529316537
Ligue 1 2015/2016,men_club,GBM_GEO,two_param,8043,217,14,8043,811,0.26192997385306116,0.07451934764575371,0.0029770838647414366,0.01912346029572809,0.09066572407674037,0.029624277221332585,0.8180335309298037,0.45064192956468274,1.064516081513897,1.4121792849461523
Ligue 1 2015/2016,men_club,GBM_GEO,intercept,8043,217,14,8043,811,0.26184573960841134,0.07441333477842649,0.00287107099741421,0.01912346029572809,0.09066572407674037,0.02952059723029556,0.8180335309298037,0.4517910021768332,1.0486065601260968,1.4108432015263341
Ligue 1 2015/2016,men_club,GBM_GEO,shrunk,8043,217,14,8043,811,0.25615369248083,0.07265830095388198,0.001116037172869705,0.01912346029572809,0.09066572407674037,0.014115485236624118,0.8180335309298037,0.1952834326738342,0.9719469436068551,1.1525372910825364
NWSL 2023,women_club,GLM_LOC,none,3167,252,22,3167,272,0.2562616142367452,0.07143548988172817,0.0019984958821472887,0.009072349423860815,0.0785093434234417,0.02076999009235307,0.7679651782992991,-0.24492824788562742,0.9671755962301707,0.8219949796635182
NWSL 2023,women_club,GLM_LOC,two_param,3167,252,22,3167,272,0.25429622052423995,0.07084267710662821,0.0014056831070473341,0.009072349423860815,0.0785093434234417,0.013932590235234976,0.7679651782992991,0.06304752120709653,1.0716958733262143,1.0540452260383095
NWSL 2023,women_club,GLM_LOC,intercept,3167,252,22,3167,272,0.2542337306355621,0.07085033963460237,0.0014133456350214901,0.009072349423860815,0.0785093434234417,0.012557538228855079,0.7679651782992991,0.07394177678861583,0.9675950854446795,1.0622509247535377
NWSL 2023,women_club,GLM_LOC,shrunk,3167,252,22,3167,272,0.25450742956674227,0.07104325624355051,0.0016062622439696334,0.009072349423860815,0.0785093434234417,0.013675730620323161,0.7679651782992991,-0.08814918622281151,0.9240212954475006,0.9319726518475956
NWSL 2023,women_club,GLM_GEO,none,3167,252,22,3167,272,0.2421934453941438,0.06761592094762452,0.0013024208189483938,0.012195843294765571,0.0785093434234417,0.013672102086653735,0.7963489281723053,-0.15232674445800862,0.9926445852370339,0.8886471262255039
NWSL 2023,women_club,GLM_GEO,two_param,3167,252,22,3167,272,0.2420449467039413,0.06760333978004686,0.001289839651370736,0.012195843294765571,0.0785093434234417,0.013134694677296225,0.7963489281723053,0.08647648963244975,1.106457110383347,1.0727490199014216
NWSL 2023,women_club,GLM_GEO,intercept,3167,252,22,3167,272,0.24175273142673118,0.06743903543336623,0.0011255353046901034,0.012195843294765571,0.0785093434234417,0.012409221673206516,0.7963489281723053,0.10548636454269236,0.9933661997092365,1.0867147644794424
NWSL 2023,women_club,GLM_GEO,shrunk,3167,252,22,3167,272,0.24150031356806345,0.06742917968550169,0.0011156795568255662,0.012195843294765571,0.0785093434234417,0.010948498980781698,0.7963489281723053,-0.049310238582526235,0.9728302083162071,0.9624875237579177
NWSL 2023,women_club,GBM_LOC,none,3167,252,22,3167,272,0.2566672527258267,0.07199748667721396,0.0020585005080737268,0.008570357254301456,0.0785093434234417,0.020511462430566316,0.7693151224220257,-0.25802979284411887,0.949200971096197,0.8139491107151338
NWSL 2023,women_club,GBM_LOC,two_param,3167,252,22,3167,272,0.25440848100122176,0.07121091730697508,0.0012719311378348447,0.008570357254301456,0.0785093434234417,0.012426458013023955,0.7693151224220257,0.06629385965555419,1.0672372343838132,1.0569805162157238
NWSL 2023,women_club,GBM_LOC,intercept,3167,252,22,3167,272,0.254427424315335,0.07126779160073804,0.0013288054315978015,0.008570357254301456,0.0785093434234417,0.011305626608475674,0.7693151224220257,0.08034428615268062,0.9514914953092194,1.067728831684211
NWSL 2023,women_club,GBM_LOC,shrunk,3167,252,22,3167,272,0.25477746091353176,0.07153770431922864,0.001598718150088399,0.008570357254301456,0.0785093434234417,0.011608872054964456,0.7693151224220257,-0.09632992995077479,0.9092674715150452,0.9260708687494179
NWSL 2023,women_club,GBM_GEO,none,3167,252,22,3167,272,0.24234247619226135,0.06804443739735923,0.0016165554844716906,0.012081461510554156,0.0785093434234417,0.014736584934989833,0.799531392868028,-0.1481088089090332,0.9587044140687839,0.8928732042308293
NWSL 2023,women_club,GBM_GEO,two_param,3167,252,22,3167,272,0.24176461245849548,0.06778156860080176,0.0013536866879142184,0.012081461510554156,0.0785093434234417,0.013271336512048334,0.799531392868028,0.08542806441279059,1.016721607598132,1.0699776376282364
NWSL 2023,women_club,GBM_GEO,intercept,3167,252,22,3167,272,0.2418951231787081,0.06778915423581804,0.0013612723229304985,0.012081461510554156,0.0785093434234417,0.01315529260211479,0.799531392868028,0.09669352068595286,0.9594435386290836,1.0780851667287
NWSL 2023,women_club,GBM_GEO,shrunk,3167,252,22,3167,272,0.24179237392275704,0.06787375325918771,0.0014458713463001704,0.012081461510554156,0.0785093434234417,0.012486237288918074,0.799531392868028,-0.038593419544627174,0.9316505198912668,0.9709859889561141
Premier League 2015/2016,men_club,GLM_LOC,none,9189,226,25,9189,863,0.2643252721684917,0.07484275392321713,0.0007413320963607084,0.010994882465865996,0.08509630429272241,0.009171515594914718,0.7785469521405951,-0.03170054900480315,1.0044156735813423,0.9752207838220645
Premier League 2015/2016,men_club,GLM_LOC,two_param,9189,226,25,9189,863,0.2766898008189556,0.07718082274292581,0.003079400916069397,0.010994882465865996,0.08509630429272241,0.03967882616620429,0.7785469521405951,-0.1650633831239528,2.0141062751380066,0.8660863746023192
Premier League 2015/2016,men_club,GLM_LOC,intercept,9189,226,25,9189,863,0.26549019852031364,0.07513119685555951,0.0010297750287030921,0.010994882465865996,0.08509630429272241,0.014992410873660907,0.7785469521405951,-0.17621812440267395,1.004523303600111,0.8709520685422131
Premier League 2015/2016,men_club,GLM_LOC,shrunk,9189,226,25,9189,863,0.2676814644643522,0.07525530682925184,0.0011538850023954245,0.010994882465865996,0.08509630429272241,0.022986225100767324,0.7785469521405951,-0.25186364691186885,1.1633595723143584,0.8159841409485364
Premier League 2015/2016,men_club,GLM_GEO,none,9189,226,25,9189,863,0.2531197641215253,0.07163195241456118,0.0007481224464540442,0.014212474324615282,0.08509630429272241,0.009612095914915238,0.8026417128881064,-0.08780791532212444,0.95984662060868,0.9366462473160602
Premier League 2015/2016,men_club,GLM_GEO,two_param,9189,226,25,9189,863,0.2659123024937243,0.07414181519902621,0.0032579852309190804,0.014212474324615282,0.08509630429272241,0.0418034826811377,0.8026417128881064,-0.19781093305370365,1.872707229233842,0.8446246280115538
Premier League 2015/2016,men_club,GLM_GEO,intercept,9189,226,25,9189,863,0.2550311465912799,0.07218907477255297,0.0013052448044458403,0.014212474324615282,0.08509630429272241,0.018935070313254445,0.8026417128881064,-0.24310553234343915,0.9598773549113242,0.8358002997612664
Premier League 2015/2016,men_club,GLM_GEO,shrunk,9189,226,25,9189,863,0.2577707061763366,0.07234569977028851,0.0014618698021813814,0.014212474324615282,0.08509630429272241,0.02793349000927657,0.8026417128881064,-0.32581199994380583,1.1452604267917446,0.7769422056315223
Premier League 2015/2016,men_club,GBM_LOC,none,9189,226,25,9189,863,0.26325332837690324,0.07464317291145413,0.0007217895017957027,0.011174920883063988,0.08509630429272241,0.008912624911253948,0.7816468063158615,-0.016197402223736782,0.9985032606666059,0.9872807129714499
Premier League 2015/2016,men_club,GBM_LOC,two_param,9189,226,25,9189,863,0.27567340383934674,0.07698931115084229,0.0030679277411838624,0.011174920883063988,0.08509630429272241,0.038900459994201456,0.7816468063158615,-0.1725654237422659,1.9761700326140668,0.8606413585949708
Premier League 2015/2016,men_club,GBM_LOC,intercept,9189,226,25,9189,863,0.2646838055639969,0.07505622995054231,0.0011348465408838881,0.011174920883063988,0.08509630429272241,0.017155638479321732,0.7816468063158615,-0.19280254236249803,0.9980387489211928,0.8602825421451353
Premier League 2015/2016,men_club,GBM_LOC,shrunk,9189,226,25,9189,863,0.2666481651314709,0.07510009957925684,0.001178716169598415,0.011174920883063988,0.08509630429272241,0.023041976111888962,0.7816468063158615,-0.2514003036583883,1.162124906054924,0.8164425963138251
Premier League 2015/2016,men_club,GBM_GEO,none,9189,226,25,9189,863,0.25091064467128765,0.07109209275070656,0.0007762242876765968,0.014780435829692448,0.08509630429272241,0.01012761027224758,0.8074466364699893,-0.07715076417733825,0.9576072845497452,0.9447794632848946
Premier League 2015/2016,men_club,GBM_GEO,two_param,9189,226,25,9189,863,0.26481193640477607,0.07378072171906913,0.003464853256039166,0.014780435829692448,0.08509630429272241,0.042437124624663564,0.8074466364699893,-0.1911852923101065,1.902160838771649,0.8491854230835948
Premier League 2015/2016,men_club,GBM_GEO,intercept,9189,226,25,9189,863,0.2526271386896522,0.07164511123577055,0.001329242772740588,0.014780435829692448,0.08509630429272241,0.017914110344447908,0.8074466364699893,-0.23002977783368014,0.9576052476824071,0.845656813114355
Premier League 2015/2016,men_club,GBM_GEO,shrunk,9189,226,25,9189,863,0.2556070546469488,0.0717337372527743,0.0014178687897443282,0.014780435829692448,0.08509630429272241,0.02760078347353443,0.8074466364699893,-0.32239949135597473,1.1511162388749436,0.7800354786178757
Serie A 2015/2016,men_club,GLM_LOC,none,9107,289,23,9107,801,0.24056278997011948,0.06769458720180116,0.0008667204647435506,0.013390491558481502,0.08021835829553911,0.01283265363680797,0.8103656397478111,0.05417898960124817,1.161923565590534,1.0444112754426014
Serie A 2015/2016,men_club,GLM_LOC,two_param,9107,289,23,9107,801,0.24398625342508354,0.06856298748677592,0.001735120749718308,0.013390491558481502,0.08021835829553911,0.02314683902195231,0.8103656397478111,0.031939024426468204,1.425667718964017,1.0271227189307315
Serie A 2015/2016,men_club,GLM_LOC,intercept,9107,289,23,9107,801,0.24046278389731351,0.06760495587046553,0.0007770891334079183,0.013390491558481502,0.08021835829553911,0.012429512507924758,0.8103656397478111,0.007421329690750349,1.1622515583368607,1.005952662093456
Serie A 2015/2016,men_club,GLM_LOC,shrunk,9107,289,23,9107,801,0.24100075788084221,0.0676946019321489,0.0008667351950912977,0.013390491558481502,0.08021835829553911,0.014545540668333268,0.8103656397478111,-0.014903463292430585,1.2116192969538755,0.9880431657198989
Serie A 2015/2016,men_club,GLM_GEO,none,9107,289,23,9107,801,0.2255769223705358,0.0638624330759452,0.0008561491586834002,0.017212074378277306,0.08021835829553911,0.014348582864238185,0.841622243806126,-0.04300851137780881,1.1233124985359018,0.9681754043760474
Serie A 2015/2016,men_club,GLM_GEO,two_param,9107,289,23,9107,801,0.22955081992221993,0.06487873482683217,0.0018724509095703612,0.017212074378277306,0.08021835829553911,0.026611593825172863,0.841622243806126,0.000666164812161978,1.3978911995125358,1.0005361696307633
Serie A 2015/2016,men_club,GLM_GEO,intercept,9107,289,23,9107,801,0.225542437350801,0.06387561677137137,0.0008693328541095613,0.017212074378277306,0.08021835829553911,0.014328142118252543,0.841622243806126,-0.028662916747293585,1.1233305861606093,0.9786577237479469
Serie A 2015/2016,men_club,GLM_GEO,shrunk,9107,289,23,9107,801,0.22628814956927587,0.06392498216534366,0.0009186982480818562,0.017212074378277306,0.08021835829553911,0.0166432525258703,0.841622243806126,-0.08702929318648837,1.1707110185658467,0.9359501443150993
Serie A 2015/2016,men_club,GBM_LOC,none,9107,289,23,9107,801,0.238912201037825,0.06731919516610112,0.0008659825982070962,0.01376514572764509,0.08021835829553911,0.012196959640494751,0.8142681779006676,0.04905214380954767,1.1590070919511395,1.0399766702374773
Serie A 2015/2016,men_club,GBM_LOC,two_param,9107,289,23,9107,801,0.2415535411513403,0.06800328785789941,0.0015500752900053927,0.01376514572764509,0.08021835829553911,0.020269835478094245,0.8142681779006676,0.0367212736859229,1.3615640845386343,1.0309376849236709
Serie A 2015/2016,men_club,GBM_LOC,intercept,9107,289,23,9107,801,0.23883929490585754,0.067258934248324,0.0008057216804299855,0.01376514572764509,0.08021835829553911,0.011780095862599977,0.8142681779006676,0.017321645170230143,1.1594608092191003,1.0139096019612304
Serie A 2015/2016,men_club,GBM_LOC,shrunk,9107,289,23,9107,801,0.2392523047103055,0.06732651379208356,0.0008733012241895349,0.01376514572764509,0.08021835829553911,0.013282915536733607,0.8142681779006676,-0.0032362731352921915,1.1979313264077833,0.9974030635071935
Serie A 2015/2016,men_club,GBM_GEO,none,9107,289,23,9107,801,0.2242179534496821,0.063497484080194,0.0008168342583558669,0.01753770847370098,0.08021835829553911,0.011871729102311986,0.8438425601516043,-0.030561934426840597,1.0875002795874797,0.9776730456069558
Serie A 2015/2016,men_club,GBM_GEO,two_param,9107,289,23,9107,801,0.22930910491585813,0.06476910415082154,0.0020884543289834134,0.01753770847370098,0.08021835829553911,0.026658217788563563,0.8438425601516043,0.009254671890850507,1.4270017860196138,1.0075145669521477
Serie A 2015/2016,men_club,GBM_GEO,intercept,9107,289,23,9107,801,0.2242100035883357,0.06350093451715765,0.0008202846953195148,0.01753770847370098,0.08021835829553911,0.011875507496486078,0.8438425601516043,-0.026305026095714328,1.087498128354282,0.9807477455718676
Serie A 2015/2016,men_club,GBM_GEO,shrunk,9107,289,23,9107,801,0.22513472649487526,0.06355669205601416,0.0008760422341760332,0.01753770847370098,0.08021835829553911,0.014923369110755803,0.8438425601516043,-0.09631105276098957,1.1523887910590753,0.9301269426111094
Serie A Women 2023/2024,women_club,GLM_LOC,none,3272,288,32,3272,317,0.2660390036863667,0.07577936547989013,0.0015139336208763593,0.013230962680712777,0.08749639453972655,0.015795392116802837,0.7893892082606073,-0.09286553203955975,1.0829351351102177,0.9292495324387362
Serie A Women 2023/2024,women_club,GLM_LOC,two_param,3272,288,32,3272,317,0.2695170430726326,0.07625226912921756,0.001986837270203795,0.013230962680712777,0.08749639453972655,0.025311440154680166,0.7893892082606073,-0.14569373216835202,1.3623337267452709,0.8867014063461954
Serie A Women 2023/2024,women_club,GLM_LOC,intercept,3272,288,32,3272,317,0.26647114941140637,0.07586037567746942,0.001594943818455652,0.013230962680712777,0.08749639453972655,0.017287411784934745,0.7893892082606073,-0.1393425253292323,1.0827783195224865,0.8960523436599642
Serie A Women 2023/2024,women_club,GLM_LOC,shrunk,3272,288,32,3272,317,0.26758927987354253,0.07596596571118623,0.0017005338521724617,0.013230962680712777,0.08749639453972655,0.021005801870375103,0.7893892082606073,-0.182143356988532,1.1555815648131285,0.8648002121630217
Serie A Women 2023/2024,women_club,GLM_GEO,none,3272,288,32,3272,317,0.2542952738063603,0.07286253771976614,0.0014846612706770485,0.016118518090637454,0.08749639453972655,0.014487905151892584,0.8122809545922807,0.08302327265667712,1.040621834248546,1.0652442306732306
Serie A Women 2023/2024,women_club,GLM_GEO,two_param,3272,288,32,3272,317,0.2548351342300488,0.07282218895992577,0.0014443125108366817,0.016118518090637454,0.08749639453972655,0.016879100151723798,0.8122809545922807,-0.08671635227803005,1.119470016344365,0.9354044919980479
Serie A Women 2023/2024,women_club,GLM_GEO,intercept,3272,288,32,3272,317,0.2543152053852538,0.07280633322265079,0.0014284567735616954,0.016118518090637454,0.08749639453972655,0.01482284449359165,0.8122809545922807,-0.0847954923620673,1.0398959816547653,0.9381576589750553
Serie A Women 2023/2024,women_club,GLM_GEO,shrunk,3272,288,32,3272,317,0.2544796330465538,0.07279573158466023,0.0014178551355711333,0.016118518090637454,0.08749639453972655,0.015476096717629553,0.8122809545922807,-0.04637173634749762,1.1014198265555588,0.9649935688751864
Serie A Women 2023/2024,women_club,GBM_LOC,none,3272,288,32,3272,317,0.26329495554046545,0.07492690973301942,0.0013027987712937866,0.01387228357800091,0.08749639453972655,0.013964732499286215,0.7947338361436265,-0.09183604357949242,1.0988482075389208,0.9301513383123434
Serie A Women 2023/2024,women_club,GBM_LOC,two_param,3272,288,32,3272,317,0.26621973063317994,0.07543719788344067,0.0018130869217150292,0.01387228357800091,0.08749639453972655,0.022850185553464773,0.7947338361436265,-0.11772040883500672,1.3407876065717554,0.907826577629426
Serie A Women 2023/2024,women_club,GBM_LOC,intercept,3272,288,32,3272,317,0.26340762010122837,0.0749438070334977,0.0013196960717720696,0.01387228357800091,0.08749639453972655,0.014380294724292744,0.7947338361436265,-0.1061668112933151,1.098829486128931,0.9197786168365009
Serie A Women 2023/2024,women_club,GBM_LOC,shrunk,3272,288,32,3272,317,0.2644367054037703,0.07507658418052937,0.0014524732188037348,0.01387228357800091,0.08749639453972655,0.017940620800906686,0.7947338361436265,-0.15594835215270986,1.1588834147311808,0.8833928907221539
Serie A Women 2023/2024,women_club,GBM_GEO,none,3272,288,32,3272,317,0.2531791442117891,0.07239368298559389,0.0014321131662737435,0.016534824720406405,0.08749639453972655,0.014983378995383025,0.814297533453965,0.0841819507113568,1.040149217152142,1.0656666854812915
Serie A Women 2023/2024,women_club,GBM_GEO,two_param,3272,288,32,3272,317,0.25336225595963396,0.07230648987458707,0.0013449200552669294,0.016534824720406405,0.08749639453972655,0.016576561076412488,0.814297533453965,-0.05369204935236913,1.0960369779529702,0.9598999417993289
Serie A Women 2023/2024,women_club,GBM_GEO,intercept,3272,288,32,3272,317,0.2530160300502715,0.07230701857210937,0.0013454487527892328,0.016534824720406405,0.08749639453972655,0.015269125799418241,0.814297533453965,-0.04957505482662459,1.0397604555855766,0.9635551895324324
Serie A Women 2023/2024,women_club,GBM_GEO,shrunk,3272,288,32,3272,317,0.2531982330278011,0.0723083611035983,0.0013467912842781565,0.016534824720406405,0.08749639453972655,0.015881935824784033,0.814297533453965,-0.018284895868369025,1.0868614408841173,0.9861643784582936
UEFA Euro 2020,men_intl,GLM_LOC,none,973,220,22,973,99,0.2738800830860218,0.07744193360655269,0.003270198522773979,0.01722295125201538,0.09139468633579409,0.0210050244357339,0.7764949263805099,-0.05938381800805641,1.0178609874762308,0.9554605820028839
UEFA Euro 2020,men_intl,GLM_LOC,two_param,973,220,22,973,99,0.27675934991424456,0.07845973290417046,0.004287997820391756,0.01722295125201538,0.09139468633579409,0.02786566624715828,0.7764949263805099,-0.2601111187195189,0.9194706240915339,0.8261213768667185
UEFA Euro 2020,men_intl,GLM_LOC,intercept,973,220,22,973,99,0.2758858465194382,0.07798220788506365,0.0038104728012849365,0.01722295125201538,0.09139468633579409,0.026502409011436374,0.7764949263805099,-0.22835205870719638,1.0180083114018745,0.8408862937906451
UEFA Euro 2020,men_intl,GLM_LOC,shrunk,973,220,22,973,99,0.2746544978220604,0.07761885017754465,0.00344711509376594,0.01722295125201538,0.09139468633579409,0.02313071167217547,0.7764949263805099,-0.14345606840808645,1.0475779700000805,0.895527330882807
UEFA Euro 2020,men_intl,GLM_GEO,none,973,220,22,973,99,0.262064015405592,0.07379803477927319,0.002872451974899798,0.0204691035314207,0.09139468633579409,0.01713554368895698,0.7974828375286042,-0.01691445777059765,0.9651606167474811,0.987868546769258
UEFA Euro 2020,men_intl,GLM_GEO,two_param,973,220,22,973,99,0.26809063259831684,0.0762488420662871,0.00532325926191371,0.0204691035314207,0.09139468633579409,0.02850212663357401,0.7974828375286042,-0.24042676364825777,0.7692364076972712,0.8561784589926993
UEFA Euro 2020,men_intl,GLM_GEO,intercept,973,220,22,973,99,0.2633868807119537,0.07432829838618149,0.0034027155818081023,0.0204691035314207,0.09139468633579409,0.02234303474527731,0.7974828375286042,-0.18692729632960514,0.9649730581575608,0.8749986130665216
UEFA Euro 2020,men_intl,GLM_GEO,shrunk,973,220,22,973,99,0.2622076957802531,0.07388289879108166,0.0029573159867082727,0.0204691035314207,0.09139468633579409,0.01763815512493443,0.7974828375286042,-0.05899936759553219,0.9593205026890371,0.9585152777795081
UEFA Euro 2020,men_intl,GBM_LOC,none,973,220,22,973,99,0.2745104135652133,0.07766393695376712,0.0034350182680760177,0.017165767650102984,0.09139468633579409,0.023768758232650306,0.776390911402353,-0.026038617470631065,1.0293525403779535,0.9799586693606618
UEFA Euro 2020,men_intl,GBM_LOC,two_param,973,220,22,973,99,0.2777242650447772,0.07890521244204156,0.0046762937563504525,0.017165767650102984,0.09139468633579409,0.0308635150124385,0.776390911402353,-0.23418953344907173,0.8598910731003945,0.8443318482890635
UEFA Euro 2020,men_intl,GBM_LOC,intercept,973,220,22,973,99,0.27588639510104235,0.07804541419697139,0.003816495511280285,0.017165767650102984,0.09139468633579409,0.027266220007162688,0.776390911402353,-0.18452250860813438,1.0298248289483782,0.8677806554038239
UEFA Euro 2020,men_intl,GBM_LOC,shrunk,973,220,22,973,99,0.27481727799235267,0.07774620071441656,0.003517282028725449,0.017165767650102984,0.09139468633579409,0.024525496852455492,0.776390911402353,-0.08646636323376232,1.0404504097867244,0.9350707865128942
UEFA Euro 2020,men_intl,GBM_GEO,none,973,220,22,973,99,0.26228807235648527,0.07399088769994411,0.0033481715238946747,0.020751970159744657,0.09139468633579409,0.017059095862451194,0.8017705660726256,-0.012356789505944859,0.9656087496039202,0.9911093324882402
UEFA Euro 2020,men_intl,GBM_GEO,two_param,973,220,22,973,99,0.2672308046887901,0.07624616719101181,0.005603451014962374,0.020751970159744657,0.09139468633579409,0.027511798226623564,0.8017705660726256,-0.24409140263252455,0.8054549982018636,0.8524937078366771
UEFA Euro 2020,men_intl,GBM_GEO,intercept,973,220,22,973,99,0.2637258741301797,0.07461976189557004,0.003977045719520608,0.020751970159744657,0.09139468633579409,0.022514732008679213,0.8017705660726256,-0.19432434418618535,0.9654807435040198,0.8704890734812144
UEFA Euro 2020,men_intl,GBM_GEO,shrunk,973,220,22,973,99,0.26244400010506874,0.07409966930767031,0.0034569531316208796,0.020751970159744657,0.09139468633579409,0.01794035202976541,0.8017705660726256,-0.06757950457415515,0.9670775497142547,0.9524620214193701
UEFA Euro 2024,men_intl,GLM_LOC,none,1032,225,24,1032,74,0.22499348498152236,0.060222537267378036,0.003124829083630841,0.009466050003861706,0.0665637581876089,0.026400820753119593,0.7690853692941376,-0.31828643206078877,1.0865226290332064,0.766160036443327
UEFA Euro 2024,men_intl,GLM_LOC,two_param,1032,225,24,1032,74,0.2393110716409815,0.06256441335059841,0.005466705166851216,0.009466050003861706,0.0665637581876089,0.0500396856878963,0.7690853692941376,-0.4302999769282383,2.3029090873540485,0.6805757062657397
UEFA Euro 2024,men_intl,GLM_LOC,intercept,1032,225,24,1032,74,0.22795236096339916,0.06091427408272556,0.003816565898978365,0.009466050003861706,0.0665637581876089,0.03465657300782096,0.7690853692941376,-0.4307485388927352,1.0861877047789803,0.6992038395292478
UEFA Euro 2024,men_intl,GLM_LOC,shrunk,1032,225,24,1032,74,0.23292844677064145,0.06164002660741159,0.004542318423664392,0.009466050003861706,0.0665637581876089,0.0450601166497652,0.7690853692941376,-0.5311468724811045,1.2612078864557992,0.6381545905164095
UEFA Euro 2024,men_intl,GLM_GEO,none,1032,225,24,1032,74,0.20920222827966026,0.057405401125494006,0.0027311482222469458,0.011889505284361841,0.0665637581876089,0.023640059008352064,0.820374654403882,-0.24887524574901668,1.1000477254543517,0.818873485817288
UEFA Euro 2024,men_intl,GLM_GEO,two_param,1032,225,24,1032,74,0.22530877345259945,0.059506171084957385,0.004831918181710325,0.011889505284361841,0.0665637581876089,0.0503764028106292,0.820374654403882,-0.4368787605303467,1.9852834787617448,0.6821571493277522
UEFA Euro 2024,men_intl,GLM_GEO,intercept,1032,225,24,1032,74,0.21405069611069444,0.05853151190059154,0.00385725899734448,0.011889505284361841,0.0665637581876089,0.033456232539429816,0.820374654403882,-0.4564054806596515,1.0995854335440554,0.6968091248772149
UEFA Euro 2024,men_intl,GLM_GEO,shrunk,1032,225,24,1032,74,0.21849661197101206,0.05873837053258255,0.0040641176293354925,0.011889505284361841,0.0665637581876089,0.041883279243323926,0.820374654403882,-0.5151896670047451,1.308431811908833,0.6548561413479659
UEFA Euro 2024,men_intl,GBM_LOC,none,1032,225,24,1032,74,0.22330857672330176,0.06003186448939674,0.0034214976200280037,0.009953391318240162,0.0665637581876089,0.027703671280436305,0.7776124245330926,-0.320776127145557,1.1001939438042558,0.7652511360439093
UEFA Euro 2024,men_intl,GBM_LOC,two_param,1032,225,24,1032,74,0.23492099958102083,0.06169127142164111,0.005080904552272371,0.009953391318240162,0.0665637581876089,0.04653183664618077,0.7776124245330926,-0.4221242886023759,1.972726103882333,0.6876745678788718
UEFA Euro 2024,men_intl,GBM_LOC,intercept,1032,225,24,1032,74,0.2259331333161698,0.060629819539871,0.004019452670502258,0.009953391318240162,0.0665637581876089,0.03449069457849876,0.7776124245330926,-0.4219030385257205,1.099997880218762,0.7050324229366031
UEFA Euro 2024,men_intl,GBM_LOC,shrunk,1032,225,24,1032,74,0.22969361796893842,0.061103649965988605,0.004493283096619866,0.009953391318240162,0.0665637581876089,0.04198843310165464,0.7776124245330926,-0.49832665555312394,1.2429387092528867,0.6573088040359341
UEFA Euro 2024,men_intl,GBM_GEO,none,1032,225,24,1032,74,0.21109947026618728,0.05816335882530775,0.002709176761536543,0.011109576123837693,0.0665637581876089,0.021888715419614287,0.8161428652034081,-0.26286259392931893,1.0528809565168273,0.8112724011778985
UEFA Euro 2024,men_intl,GBM_GEO,two_param,1032,225,24,1032,74,0.22499842623688945,0.059570388736633395,0.004116206672862187,0.011109576123837693,0.0665637581876089,0.04871064157072817,0.8161428652034081,-0.4155645164460706,1.8730255917056124,0.6952689496490021
UEFA Euro 2024,men_intl,GBM_GEO,intercept,1032,225,24,1032,74,0.2145814027465262,0.05901863557355064,0.003564453509779429,0.011109576123837693,0.0665637581876089,0.03029105068134723,0.8161428652034081,-0.4192370426754089,1.0526300273159837,0.7188959908431101
UEFA Euro 2024,men_intl,GBM_GEO,shrunk,1032,225,24,1032,74,0.21897795114122157,0.05918270884421151,0.0037285267804402986,0.011109576123837693,0.0665637581876089,0.03866208296166071,0.8161428652034081,-0.50029663724282,1.2379598901526807,0.6646252360133614
UEFA Women's Euro 2022,women_intl,GLM_LOC,none,595,266,34,595,48,0.2538562582357737,0.07197160331841637,0.005775818674744512,0.007968469293197014,0.07416425393686887,0.02824586619452694,0.770185862279098,-0.3402656191685272,0.890382974252884,0.7598039095582741
UEFA Women's Euro 2022,women_intl,GLM_LOC,two_param,595,266,34,595,48,0.2584658872215882,0.07439715838704175,0.008201373743369891,0.007968469293197014,0.07416425393686887,0.03375269163290933,0.770185862279098,-0.44033366524768175,0.7716083622938371,0.7120610608083585
UEFA Women's Euro 2022,women_intl,GLM_LOC,intercept,595,266,34,595,48,0.256785837989217,0.07282815423200201,0.0066323695883301476,0.007968469293197014,0.07416425393686887,0.034900909509864145,0.770185862279098,-0.43884157013430763,0.8897366298065729,0.7033607771658902
UEFA Women's Euro 2022,women_intl,GLM_LOC,shrunk,595,266,34,595,48,0.2546441563150905,0.07226925922363828,0.0060734745799664175,0.007968469293197014,0.07416425393686887,0.02980189013004443,0.770185862279098,-0.36735477579283793,0.8815558520057832,0.7442986768844106
UEFA Women's Euro 2022,women_intl,GLM_GEO,none,595,266,34,595,48,0.23432539558675833,0.06658281938738173,0.0034741445476144384,0.011055579097101587,0.07416425393686887,0.017125657761931777,0.8082343083485679,-0.1742798539289621,0.9513634333797353,0.8732574272040272
UEFA Women's Euro 2022,women_intl,GLM_GEO,two_param,595,266,34,595,48,0.24363414125514482,0.07117042733522354,0.00806175249545625,0.011055579097101587,0.07416425393686887,0.028187979876931817,0.8082343083485679,-0.3882437965525272,0.7133843055504456,0.7678495680723345
UEFA Women's Euro 2022,women_intl,GLM_GEO,intercept,595,266,34,595,48,0.2382112761553626,0.06775113946384026,0.004642464624072973,0.011055579097101587,0.07416425393686887,0.02791517821538217,0.8082343083485679,-0.3766494103119997,0.9513390438162935,0.7491566003317358
UEFA Women's Euro 2022,women_intl,GLM_GEO,shrunk,595,266,34,595,48,0.23492753481626735,0.06693228598084333,0.0038236111410760443,0.011055579097101587,0.07416425393686887,0.01802319178341217,0.8082343083485679,-0.2075827163749996,0.9206025208431801,0.8527637090332996
UEFA Women's Euro 2022,women_intl,GBM_LOC,none,595,266,34,595,48,0.2477166055097937,0.0706686227671152,0.004884249729643797,0.008379880899397465,0.07416425393686887,0.03137234817089329,0.7896099939061547,-0.33488532760694395,0.9378047273508939,0.7652414099320393
UEFA Women's Euro 2022,women_intl,GBM_LOC,two_param,595,266,34,595,48,0.25205997356531495,0.07273440754428086,0.006950034506809449,0.008379880899397465,0.07416425393686887,0.038282743501389986,0.7896099939061547,-0.45990624775745975,0.8512631128615156,0.701477608336527
UEFA Women's Euro 2022,women_intl,GBM_LOC,intercept,595,266,34,595,48,0.2513937224826804,0.07172644136891002,0.0059420683314386075,0.008379880899397465,0.07416425393686887,0.038498069520351105,0.7896099939061547,-0.4577190776641216,0.937491607042553,0.6958733696061545
UEFA Women's Euro 2022,women_intl,GBM_LOC,shrunk,595,266,34,595,48,0.24912015655025715,0.07103104498182074,0.005246671944349329,0.008379880899397465,0.07416425393686887,0.03408212510832056,0.7896099939061547,-0.38755925889647086,0.9427864982180056,0.734211318406822
UEFA Women's Euro 2022,women_intl,GBM_GEO,none,595,266,34,595,48,0.23135260808509067,0.06627593089909359,0.005044162000233082,0.012932485038008368,0.07416425393686887,0.029037752168218516,0.8228214503351616,-0.18220356777320895,0.9948671918862948,0.8680955936198528
UEFA Women's Euro 2022,women_intl,GBM_GEO,two_param,595,266,34,595,48,0.23836011355513687,0.07051781032935729,0.009286041430496786,0.012932485038008368,0.07416425393686887,0.03646855716625051,0.8228214503351616,-0.34967157352656647,0.7490420965894222,0.7885447322940374
UEFA Women's Euro 2022,women_intl,GBM_GEO,intercept,595,266,34,595,48,0.23460484603074092,0.06720158811194095,0.005969819213080443,0.012932485038008368,0.07416425393686887,0.03551880762360704,0.8228214503351616,-0.3562190239098555,0.9948118884041819,0.7608598617976602
UEFA Women's Euro 2022,women_intl,GBM_GEO,shrunk,595,266,34,595,48,0.2315167608254144,0.06660986339241344,0.0053780944935529346,0.012932485038008368,0.07416425393686887,0.029142237279050794,0.8228214503351616,-0.1875225430840118,0.9499146418852148,0.8666084372810848
UEFA Women's Euro 2025,women_intl,GLM_LOC,none,581,270,22,581,73,0.3356798557147343,0.09964631232945438,0.004110401179959075,0.014322751432971292,0.1098586625824666,0.02457243144585703,0.7466562398878221,0.08815388869595833,0.8876085367226766,1.070348109763702
UEFA Women's Euro 2025,women_intl,GLM_LOC,two_param,581,270,22,581,73,0.3396459013652844,0.10045078522571219,0.00491487407621688,0.014322751432971292,0.1098586625824666,0.03410332975784115,0.7466562398878221,0.31686821140268273,0.909391353082887,1.2842194462137944
UEFA Women's Euro 2025,women_intl,GLM_LOC,intercept,581,270,22,581,73,0.3397755164116532,0.10043381930732921,0.004897908157833905,0.014322751432971292,0.1098586625824666,0.0340985497098986,0.7466562398878221,0.31446398084413424,0.887580878664838,1.2798220401888365
UEFA Women's Euro 2025,women_intl,GLM_LOC,shrunk,581,270,22,581,73,0.3379827819295716,0.10004845042651367,0.0045125392770183625,0.014322751432971292,0.1098586625824666,0.029531958272207007,0.7466562398878221,0.21420440971333657,0.8470762118250953,1.1791524096589174
UEFA Women's Euro 2025,women_intl,GLM_GEO,none,581,270,22,581,73,0.32179297936339135,0.09473466516659809,0.0038974085752505744,0.01902140599111908,0.1098586625824666,0.02610607371267424,0.7731636285190379,0.20193181443762617,0.8900300079503816,1.1599755130256015
UEFA Women's Euro 2025,women_intl,GLM_GEO,two_param,581,270,22,581,73,0.3219178862795401,0.09488884316022689,0.00405158656887937,0.01902140599111908,0.1098586625824666,0.027856413125075554,0.7731636285190379,0.23181270209735608,0.9337771884434978,1.1893497989932562
UEFA Women's Euro 2025,women_intl,GLM_GEO,intercept,581,270,22,581,73,0.3222132029688124,0.09482277803886179,0.0039855214475142675,0.01902140599111908,0.1098586625824666,0.02690541791956392,0.7731636285190379,0.22495290135305668,0.8901404191460983,1.180100408376864
UEFA Women's Euro 2025,women_intl,GLM_GEO,shrunk,581,270,22,581,73,0.32174413996703527,0.09473682574046112,0.003899569149113602,0.01902140599111908,0.1098586625824666,0.026165435959516144,0.7731636285190379,0.20263921096685875,0.8947596746574704,1.1608933967358188
UEFA Women's Euro 2025,women_intl,GBM_LOC,none,581,270,22,581,73,0.32969437481911906,0.09745889094336856,0.002624832872227062,0.015024604511325104,0.1098586625824666,0.01600163505972044,0.7529392730018337,0.08280542495364851,0.9764522545649958,1.0664407384501455
UEFA Women's Euro 2025,women_intl,GBM_LOC,two_param,581,270,22,581,73,0.3342160725618567,0.09835339241577916,0.0035193343446376646,0.015024604511325104,0.1098586625824666,0.02998584280448266,0.7529392730018337,0.3204486907243754,0.9249355680149142,1.284451489303796
UEFA Women's Euro 2025,women_intl,GBM_LOC,intercept,581,270,22,581,73,0.3341672021128572,0.09854216394265838,0.0037081058715168896,0.015024604511325104,0.1098586625824666,0.031146843227655468,0.7529392730018337,0.32526063896771024,0.9754365445842769,1.2937601599467414
UEFA Women's Euro 2025,women_intl,GBM_LOC,shrunk,581,270,22,581,73,0.3321853776934583,0.09788389448321916,0.003049836412077664,0.015024604511325104,0.1098586625824666,0.023533798956344165,0.7529392730018337,0.23422563858495327,0.9151781986008122,1.1987154965964582
UEFA Women's Euro 2025,women_intl,GBM_GEO,none,581,270,22,581,73,0.31428452660871886,0.09251765953933647,0.004151927158445284,0.021492930201575416,0.1098586625824666,0.02674555449965653,0.7844892676086722,0.18505349126654555,0.9429660005995524,1.1444231812073395
UEFA Women's Euro 2025,women_intl,GBM_GEO,two_param,581,270,22,581,73,0.3143568250979958,0.09253903496430194,0.004173302583410754,0.021492930201575416,0.1098586625824666,0.026919461306818597,0.7844892676086722,0.19064570916813123,0.9457379516607884,1.1493404061069223
UEFA Women's Euro 2025,women_intl,GBM_GEO,intercept,581,270,22,581,73,0.3143636272698981,0.09253367929284533,0.004167946911954143,0.021492930201575416,0.1098586625824666,0.026931347281759124,0.7844892676086722,0.18998004992517797,0.9429455560962458,1.1486026356162984
UEFA Women's Euro 2025,women_intl,GBM_GEO,shrunk,581,270,22,581,73,0.31431990416041794,0.09252374696759715,0.004158014586705963,0.021492930201575416,0.1098586625824666,0.02682807392600362,0.7844892676086722,0.18708657963781944,0.9425046916031684,1.146118375197713
Women's World Cup 2019,women_intl,GLM_LOC,none,1009,234,30,1009,87,0.23454792462866433,0.06623087497385784,0.0037746924713571647,0.016333226198771623,0.0787894087012723,0.02794982235817091,0.8258034757024959,-0.3067321894277299,1.0956882490042208,0.7925767867061737
Women's World Cup 2019,women_intl,GLM_LOC,two_param,1009,234,30,1009,87,0.23993601249247962,0.06812695228944912,0.00567076978694845,0.016333226198771623,0.0787894087012723,0.03961358349840777,0.8258034757024959,-0.5010773730583734,1.023240786415042,0.6931745511354743
Women's World Cup 2019,women_intl,GLM_LOC,intercept,1009,234,30,1009,87,0.24018012166507224,0.06769006758541914,0.005233885082918464,0.016333226198771623,0.0787894087012723,0.040732323407481535,0.8258034757024959,-0.49229705813724367,1.0954992583160115,0.6917125251120901
Women's World Cup 2019,women_intl,GLM_LOC,shrunk,1009,234,30,1009,87,0.2373140139939245,0.06676259821659515,0.004306415714094479,0.016333226198771623,0.0787894087012723,0.03437491203902608,0.8258034757024959,-0.39991641595050376,1.1269439685728064,0.7379218185966533
Women's World Cup 2019,women_intl,GLM_GEO,none,1009,234,30,1009,87,0.2134871560969338,0.06015809464137704,0.002775712770278174,0.021407026830173433,0.0787894087012723,0.02215112430481622,0.8564465055975267,-0.1400690359396441,1.1500267440430614,0.9029579602937581
Women's World Cup 2019,women_intl,GLM_GEO,two_param,1009,234,30,1009,87,0.22314890895023085,0.06285919619287555,0.005476814321776692,0.021407026830173433,0.0787894087012723,0.04276774473047654,0.8564465055975267,-0.5584179639487953,1.0950760807570326,0.6776880945767844
Women's World Cup 2019,women_intl,GLM_GEO,intercept,1009,234,30,1009,87,0.2235119954237411,0.06258871603177736,0.005206334160678498,0.021407026830173433,0.0787894087012723,0.043298394067188564,0.8564465055975267,-0.548366909644289,1.1497598509869051,0.6773449564547288
Women's World Cup 2019,women_intl,GLM_GEO,shrunk,1009,234,30,1009,87,0.21871697945613902,0.06093941740617421,0.003557035535075345,0.021407026830173433,0.0787894087012723,0.0331994260553688,0.8564465055975267,-0.3597437917047733,1.2459386080071784,0.7662508839325298
Women's World Cup 2019,women_intl,GBM_LOC,none,1009,234,30,1009,87,0.23848829049931605,0.06670459474509619,0.0030810434707612827,0.015165857426937393,0.0787894087012723,0.026419352251371757,0.8128506245792505,-0.2752348914981925,1.0805878400522555,0.808774130527479
Women's World Cup 2019,women_intl,GBM_LOC,two_param,1009,234,30,1009,87,0.24334936126988835,0.06872450327139876,0.0051009519970638545,0.015165857426937393,0.0787894087012723,0.03759035871809223,0.8128506245792505,-0.46575000420632234,0.9757851765272383,0.710195234004374
Women's World Cup 2019,women_intl,GBM_LOC,intercept,1009,234,30,1009,87,0.24349882955938174,0.06808573070464549,0.004462179430310589,0.015165857426937393,0.0787894087012723,0.03919816349111526,0.8128506245792505,-0.45488160547956813,1.0806332052969048,0.7073904772910896
Women's World Cup 2019,women_intl,GBM_LOC,shrunk,1009,234,30,1009,87,0.24059537762746405,0.06718116404520959,0.003557612770874685,0.015165857426937393,0.0787894087012723,0.03212040346555386,0.8128506245792505,-0.3571542841786585,1.100133116054721,0.7593440317199494
Women's World Cup 2019,women_intl,GBM_GEO,none,1009,234,30,1009,87,0.2147689468435978,0.06006993183961516,0.002687973663251589,0.021407450524908722,0.0787894087012723,0.018053325810708645,0.8514598449148527,-0.17365863506245896,1.107404959543705,0.882771735727165
Women's World Cup 2019,women_intl,GBM_GEO,two_param,1009,234,30,1009,87,0.22328713639051165,0.06280898555191791,0.0054270273755543386,0.021407450524908722,0.0787894087012723,0.04008537257739096,0.8514598449148527,-0.545660154107806,1.0228956691747566,0.6905474496375303
Women's World Cup 2019,women_intl,GBM_GEO,intercept,1009,234,30,1009,87,0.22362001524606429,0.06231299403573246,0.004931035859368889,0.021407450524908722,0.0787894087012723,0.040993398134868124,0.8514598449148527,-0.5311158606539453,1.107103438572703,0.6885490012785113
Women's World Cup 2019,women_intl,GBM_GEO,shrunk,1009,234,30,1009,87,0.21880604261535375,0.060750323605049096,0.0033683654286855227,0.021407450524908722,0.0787894087012723,0.029226478330214006,0.8514598449148527,-0.35230555149295323,1.172887996243992,0.7740871387074438
Women's World Cup 2023,women_intl,GLM_LOC,none,1315,251,12,1315,122,0.26435485450994733,0.07409662983891208,0.0021903373931823206,0.012262048863238131,0.08416834130896789,0.016643149542910737,0.769048960466107,-0.09769320793997804,0.9818176751034408,0.9255117740600977
Women's World Cup 2023,women_intl,GLM_LOC,two_param,1315,251,12,1315,122,0.2899177128675418,0.07814521839111316,0.006238925945383403,0.012262048863238131,0.08416834130896789,0.05036387718825976,0.769048960466107,0.9293007441566714,0.9315415958657932,2.162085929125397
Women's World Cup 2023,women_intl,GLM_LOC,intercept,1315,251,12,1315,122,0.2891863146878417,0.07837014991129396,0.006463857465564202,0.012262048863238131,0.08416834130896789,0.05027825709639217,0.769048960466107,0.9128894522444989,0.9818435002918934,2.1534815163261185
Women's World Cup 2023,women_intl,GLM_LOC,shrunk,1315,251,12,1315,122,0.27182038562454897,0.0747878790725788,0.0028815866268490503,0.012262048863238131,0.08416834130896789,0.029157515439589533,0.769048960466107,0.433357167965886,0.8151495341983517,1.399181024637062
Women's World Cup 2023,women_intl,GLM_GEO,none,1315,251,12,1315,122,0.24195535963574413,0.06797748945998025,0.001974422988348948,0.018165274837336584,0.08416834130896789,0.014217110223588564,0.8148489137454826,0.029616471594664635,1.0524894723333078,1.0225048332406026
Women's World Cup 2023,women_intl,GLM_GEO,two_param,1315,251,12,1315,122,0.26767736626946725,0.07181840928429814,0.005815342812666838,0.018165274837336584,0.08416834130896789,0.047963092717513395,0.8148489137454826,0.9656515474850188,0.8936448034407508,2.0421194854947937
Women's World Cup 2023,women_intl,GLM_GEO,intercept,1315,251,12,1315,122,0.26527025818266703,0.07279195801017525,0.006788891538543951,0.018165274837336584,0.08416834130896789,0.048162429996101104,0.8148489137454826,0.8996371496755018,1.0532941711325363,2.0308435557075155
Women's World Cup 2023,women_intl,GLM_GEO,shrunk,1315,251,12,1315,122,0.2500626148641771,0.06897821056788246,0.002975144096251159,0.018165274837336584,0.08416834130896789,0.02952483102412335,0.8148489137454826,0.5037212757231737,0.8859871492760486,1.4373766824456764
Women's World Cup 2023,women_intl,GBM_LOC,none,1315,251,12,1315,122,0.2644149267360337,0.07387564831644007,0.0020548224795264025,0.012347515472054219,0.08416834130896789,0.016421062807578213,0.7654143707144132,-0.11000783939473226,0.9615127019314712,0.9168316229984428
Women's World Cup 2023,women_intl,GBM_LOC,two_param,1315,251,12,1315,122,0.29286342712965796,0.07664375933634617,0.004822933499432497,0.012347515472054219,0.08416834130896789,0.04852116542222708,0.7654143707144132,0.9406380998070246,0.7491445977932365,2.0860745433305183
Women's World Cup 2023,women_intl,GBM_LOC,intercept,1315,251,12,1315,122,0.28710375072593997,0.07777683302697132,0.0059560071900576494,0.012347515472054219,0.08416834130896789,0.04863860921459213,0.7654143707144132,0.8711397540261953,0.9614261402156772,2.0775547884700787
Women's World Cup 2023,women_intl,GBM_LOC,shrunk,1315,251,12,1315,122,0.2726871280424735,0.07428083685206016,0.0024600110151464932,0.012347515472054219,0.08416834130896789,0.027793837478647075,0.7654143707144132,0.43532605476261604,0.7813599184980466,1.3975793707407604
Women's World Cup 2023,women_intl,GBM_GEO,none,1315,251,12,1315,122,0.2402774906192037,0.06705950223681359,0.00188815656163982,0.018996995633794117,0.08416834130896789,0.01636929630891735,0.81583829167411,0.02270514322042231,1.0669447280637352,1.0171497410092967
Women's World Cup 2023,women_intl,GBM_GEO,two_param,1315,251,12,1315,122,0.27311394367146935,0.07020737686070644,0.005036031185532669,0.018996995633794117,0.08416834130896789,0.04879012848507045,0.81583829167411,1.0820154530190529,0.7703319804436392,2.086453315662864
Women's World Cup 2023,women_intl,GBM_GEO,intercept,1315,251,12,1315,122,0.26393023318932524,0.07211488722860183,0.006943541553428065,0.018996995633794117,0.08416834130896789,0.04876130760434103,0.81583829167411,0.9070667259069007,1.067358797606867,2.0431609470703904
Women's World Cup 2023,women_intl,GBM_GEO,shrunk,1315,251,12,1315,122,0.2495931911669443,0.06795729674595798,0.0027859510707842067,0.018996995633794117,0.08416834130896789,0.03107635001922337,0.81583829167411,0.5449754919033167,0.8759745158699782,1.4713750619289927
